date,product,week_day,month,holiday,promotion,price,previous_sales,demand
2022-01-01,Hammer,5,1,1,0,21.61,0,20
2022-01-01,Screwdriver,5,1,1,0,16.46,0,0
2022-01-01,Pliers,5,1,1,0,32.71,0,14
2022-01-01,Saw,5,1,1,0,118.68,0,16
2022-01-01,Drill,5,1,1,0,138.56,0,12
2022-01-02,Hammer,6,1,0,0,31.3,20,9
2022-01-02,Screwdriver,6,1,0,0,12.77,0,10
2022-01-02,Pliers,6,1,0,0,32.3,14,11
2022-01-02,Saw,6,1,0,0,52.07,16,16
2022-01-02,Drill,6,1,0,1,169.51,12,32
2022-01-03,Hammer,0,1,0,0,34.97,9,11
2022-01-03,Screwdriver,0,1,0,0,17.41,10,11
2022-01-03,Pliers,0,1,0,1,25.56,11,21
2022-01-03,Saw,0,1,0,0,100.14,16,14
2022-01-03,Drill,0,1,0,0,198.3,32,9
2022-01-04,Hammer,1,1,0,0,26.27,11,7
2022-01-04,Screwdriver,1,1,0,1,13.73,11,16
2022-01-04,Pliers,1,1,0,0,15.8,21,11
2022-01-04,Saw,1,1,0,0,104.49,14,9
2022-01-04,Drill,1,1,0,0,85.66,9,10
2022-01-05,Hammer,2,1,0,0,35.82,7,15
2022-01-05,Screwdriver,2,1,0,0,18.84,16,4
2022-01-05,Pliers,2,1,0,0,22.57,11,11
2022-01-05,Saw,2,1,0,0,70.25,9,22
2022-01-05,Drill,2,1,0,1,85.06,10,37
2022-01-06,Hammer,3,1,0,0,29.8,15,19
2022-01-06,Screwdriver,3,1,0,1,23.28,4,21
2022-01-06,Pliers,3,1,0,0,29.74,11,18
2022-01-06,Saw,3,1,0,0,94.62,22,24
2022-01-06,Drill,3,1,0,0,107.95,37,22
2022-01-07,Hammer,4,1,0,0,22.73,19,12
2022-01-07,Screwdriver,4,1,0,0,18.34,21,13
2022-01-07,Pliers,4,1,0,0,32.67,18,16
2022-01-07,Saw,4,1,0,1,102.04,24,32
2022-01-07,Drill,4,1,0,0,145.42,22,18
2022-01-08,Hammer,5,1,0,0,21.39,12,11
2022-01-08,Screwdriver,5,1,0,1,14.57,13,30
2022-01-08,Pliers,5,1,0,0,15.17,16,16
2022-01-08,Saw,5,1,0,0,93.7,32,9
2022-01-08,Drill,5,1,0,0,102.84,18,18
2022-01-09,Hammer,6,1,0,0,29.81,11,4
2022-01-09,Screwdriver,6,1,0,0,15.99,30,19
2022-01-09,Pliers,6,1,0,0,34.3,16,16
2022-01-09,Saw,6,1,0,0,65.09,9,14
2022-01-09,Drill,6,1,0,0,87.04,18,10
2022-01-10,Hammer,0,1,0,0,37.39,4,14
2022-01-10,Screwdriver,0,1,0,0,20.24,19,20
2022-01-10,Pliers,0,1,0,0,26.11,16,15
2022-01-10,Saw,0,1,0,1,93.55,14,19
2022-01-10,Drill,0,1,0,1,170.49,10,35
2022-01-11,Hammer,1,1,0,0,34.82,14,12
2022-01-11,Screwdriver,1,1,0,0,12.14,20,5
2022-01-11,Pliers,1,1,0,0,28.75,15,14
2022-01-11,Saw,1,1,0,0,89.25,19,15
2022-01-11,Drill,1,1,0,0,165.88,35,18
2022-01-12,Hammer,2,1,0,0,25.55,12,13
2022-01-12,Screwdriver,2,1,0,0,20.4,5,10
2022-01-12,Pliers,2,1,0,0,30.55,14,5
2022-01-12,Saw,2,1,0,0,76.75,15,17
2022-01-12,Drill,2,1,0,0,96.27,18,11
2022-01-13,Hammer,3,1,0,0,34.69,13,9
2022-01-13,Screwdriver,3,1,0,0,20.94,10,18
2022-01-13,Pliers,3,1,0,0,32.32,5,9
2022-01-13,Saw,3,1,0,0,72.78,17,16
2022-01-13,Drill,3,1,0,1,104.23,11,33
2022-01-14,Hammer,4,1,0,1,37.42,9,22
2022-01-14,Screwdriver,4,1,0,0,23.71,18,13
2022-01-14,Pliers,4,1,0,0,33.95,9,9
2022-01-14,Saw,4,1,0,0,93.12,16,14
2022-01-14,Drill,4,1,0,0,153.73,33,16
2022-01-15,Hammer,5,1,0,0,23.63,22,11
2022-01-15,Screwdriver,5,1,0,0,11.26,13,8
2022-01-15,Pliers,5,1,0,0,16.02,9,3
2022-01-15,Saw,5,1,0,1,109.82,14,21
2022-01-15,Drill,5,1,0,0,98.31,16,20
2022-01-16,Hammer,6,1,0,0,38.87,11,16
2022-01-16,Screwdriver,6,1,0,0,15.55,8,14
2022-01-16,Pliers,6,1,0,0,34.62,3,7
2022-01-16,Saw,6,1,0,1,57.51,21,17
2022-01-16,Drill,6,1,0,0,116.94,20,14
2022-01-17,Hammer,0,1,0,0,23.86,16,3
2022-01-17,Screwdriver,0,1,0,1,11.88,14,24
2022-01-17,Pliers,0,1,0,0,16.19,7,10
2022-01-17,Saw,0,1,0,1,51.96,17,26
2022-01-17,Drill,0,1,0,0,117.7,14,8
2022-01-18,Hammer,1,1,0,0,27.71,3,6
2022-01-18,Screwdriver,1,1,0,0,15.95,24,7
2022-01-18,Pliers,1,1,0,0,25.32,10,7
2022-01-18,Saw,1,1,0,0,69.28,26,14
2022-01-18,Drill,1,1,0,0,111.5,8,12
2022-01-19,Hammer,2,1,0,0,34.48,6,10
2022-01-19,Screwdriver,2,1,0,0,20.88,7,15
2022-01-19,Pliers,2,1,0,0,25.77,7,17
2022-01-19,Saw,2,1,0,0,119.9,14,10
2022-01-19,Drill,2,1,0,0,94.42,12,21
2022-01-20,Hammer,3,1,0,0,25.44,10,16
2022-01-20,Screwdriver,3,1,0,1,24.61,15,18
2022-01-20,Pliers,3,1,0,0,31.09,17,9
2022-01-20,Saw,3,1,0,0,102.29,10,12
2022-01-20,Drill,3,1,0,1,160.63,21,36
2022-01-21,Hammer,4,1,0,0,35.22,16,3
2022-01-21,Screwdriver,4,1,0,0,18.33,18,21
2022-01-21,Pliers,4,1,0,0,20.38,9,11
2022-01-21,Saw,4,1,0,0,108.41,12,8
2022-01-21,Drill,4,1,0,1,165.19,36,31
2022-01-22,Hammer,5,1,0,0,21.17,3,14
2022-01-22,Screwdriver,5,1,0,0,19.7,21,19
2022-01-22,Pliers,5,1,0,0,32.84,11,12
2022-01-22,Saw,5,1,0,0,51.64,8,3
2022-01-22,Drill,5,1,0,0,180.95,31,5
2022-01-23,Hammer,6,1,0,0,29.14,14,2
2022-01-23,Screwdriver,6,1,0,0,12.19,19,16
2022-01-23,Pliers,6,1,0,0,25.01,12,18
2022-01-23,Saw,6,1,0,0,62.3,3,10
2022-01-23,Drill,6,1,0,0,181.02,5,13
2022-01-24,Hammer,0,1,0,0,22.18,2,2
2022-01-24,Screwdriver,0,1,0,0,22.55,16,9
2022-01-24,Pliers,0,1,0,1,30.69,18,31
2022-01-24,Saw,0,1,0,0,113.28,10,10
2022-01-24,Drill,0,1,0,0,90.82,13,9
2022-01-25,Hammer,1,1,0,0,25.2,2,11
2022-01-25,Screwdriver,1,1,0,1,15.04,9,30
2022-01-25,Pliers,1,1,0,0,33.55,31,15
2022-01-25,Saw,1,1,0,0,85.12,10,1
2022-01-25,Drill,1,1,0,0,178.26,9,21
2022-01-26,Hammer,2,1,0,0,27.04,11,12
2022-01-26,Screwdriver,2,1,0,0,11.49,30,13
2022-01-26,Pliers,2,1,0,1,19.7,15,33
2022-01-26,Saw,2,1,0,0,50.88,1,17
2022-01-26,Drill,2,1,0,0,153.01,21,19
2022-01-27,Hammer,3,1,0,1,29.09,12,27
2022-01-27,Screwdriver,3,1,0,0,17.19,13,18
2022-01-27,Pliers,3,1,0,0,20.19,33,6
2022-01-27,Saw,3,1,0,0,100.53,17,19
2022-01-27,Drill,3,1,0,0,126.86,19,8
2022-01-28,Hammer,4,1,0,1,28.0,27,29
2022-01-28,Screwdriver,4,1,0,0,12.87,18,13
2022-01-28,Pliers,4,1,0,0,15.05,6,13
2022-01-28,Saw,4,1,0,0,110.29,19,11
2022-01-28,Drill,4,1,0,0,169.08,8,26
2022-01-29,Hammer,5,1,0,0,21.59,29,8
2022-01-29,Screwdriver,5,1,0,0,16.79,13,6
2022-01-29,Pliers,5,1,0,0,20.51,13,13
2022-01-29,Saw,5,1,0,1,68.93,11,23
2022-01-29,Drill,5,1,0,0,125.13,26,18
2022-01-30,Hammer,6,1,0,0,38.1,8,6
2022-01-30,Screwdriver,6,1,0,0,10.74,6,13
2022-01-30,Pliers,6,1,0,0,22.74,13,7
2022-01-30,Saw,6,1,0,0,93.2,23,8
2022-01-30,Drill,6,1,0,0,109.69,18,12
2022-01-31,Hammer,0,1,0,0,20.84,6,8
2022-01-31,Screwdriver,0,1,0,0,22.1,13,12
2022-01-31,Pliers,0,1,0,0,31.18,7,9
2022-01-31,Saw,0,1,0,1,60.64,8,22
2022-01-31,Drill,0,1,0,0,102.36,12,13
2022-02-01,Hammer,1,2,0,1,22.05,8,16
2022-02-01,Screwdriver,1,2,0,0,16.81,12,9
2022-02-01,Pliers,1,2,0,1,20.67,9,21
2022-02-01,Saw,1,2,0,0,111.41,22,18
2022-02-01,Drill,1,2,0,1,180.05,13,26
2022-02-02,Hammer,2,2,0,0,21.76,16,14
2022-02-02,Screwdriver,2,2,0,0,13.19,9,17
2022-02-02,Pliers,2,2,0,0,29.95,21,13
2022-02-02,Saw,2,2,0,1,107.05,18,31
2022-02-02,Drill,2,2,0,0,117.76,26,16
2022-02-03,Hammer,3,2,0,0,27.63,14,10
2022-02-03,Screwdriver,3,2,0,0,19.14,17,15
2022-02-03,Pliers,3,2,0,0,27.49,13,13
2022-02-03,Saw,3,2,0,0,61.02,31,24
2022-02-03,Drill,3,2,0,0,99.79,16,19
2022-02-04,Hammer,4,2,0,0,26.88,10,17
2022-02-04,Screwdriver,4,2,0,1,11.5,15,42
2022-02-04,Pliers,4,2,0,0,20.47,13,15
2022-02-04,Saw,4,2,0,0,86.54,24,25
2022-02-04,Drill,4,2,0,1,192.71,19,32
2022-02-05,Hammer,5,2,0,0,35.14,17,0
2022-02-05,Screwdriver,5,2,0,0,16.14,42,7
2022-02-05,Pliers,5,2,0,0,21.23,15,15
2022-02-05,Saw,5,2,0,0,84.18,25,10
2022-02-05,Drill,5,2,0,0,83.2,32,12
2022-02-06,Hammer,6,2,0,1,30.84,0,24
2022-02-06,Screwdriver,6,2,0,0,22.63,7,10
2022-02-06,Pliers,6,2,0,0,34.85,15,13
2022-02-06,Saw,6,2,0,0,107.17,10,2
2022-02-06,Drill,6,2,0,0,191.83,12,21
2022-02-07,Hammer,0,2,0,1,29.83,24,30
2022-02-07,Screwdriver,0,2,0,0,10.44,10,4
2022-02-07,Pliers,0,2,0,1,29.23,13,18
2022-02-07,Saw,0,2,0,1,104.67,2,21
2022-02-07,Drill,0,2,0,1,133.99,21,30
2022-02-08,Hammer,1,2,0,0,31.99,30,12
2022-02-08,Screwdriver,1,2,0,0,10.44,4,13
2022-02-08,Pliers,1,2,0,0,30.06,18,13
2022-02-08,Saw,1,2,0,0,69.75,21,13
2022-02-08,Drill,1,2,0,1,95.02,30,30
2022-02-09,Hammer,2,2,0,0,31.44,12,15
2022-02-09,Screwdriver,2,2,0,0,19.02,13,9
2022-02-09,Pliers,2,2,0,0,17.71,13,14
2022-02-09,Saw,2,2,0,0,117.34,13,19
2022-02-09,Drill,2,2,0,0,96.37,30,18
2022-02-10,Hammer,3,2,0,0,27.45,15,15
2022-02-10,Screwdriver,3,2,0,0,21.18,9,26
2022-02-10,Pliers,3,2,0,0,20.82,14,20
2022-02-10,Saw,3,2,0,0,106.81,19,3
2022-02-10,Drill,3,2,0,0,126.45,18,24
2022-02-11,Hammer,4,2,0,0,21.57,15,15
2022-02-11,Screwdriver,4,2,0,0,14.92,26,21
2022-02-11,Pliers,4,2,0,0,30.7,20,21
2022-02-11,Saw,4,2,0,0,64.38,3,15
2022-02-11,Drill,4,2,0,0,81.11,24,20
2022-02-12,Hammer,5,2,0,0,34.81,15,10
2022-02-12,Screwdriver,5,2,0,0,14.12,21,0
2022-02-12,Pliers,5,2,0,0,18.05,21,6
2022-02-12,Saw,5,2,0,0,102.92,15,15
2022-02-12,Drill,5,2,0,0,89.01,20,17
2022-02-13,Hammer,6,2,0,0,35.66,10,15
2022-02-13,Screwdriver,6,2,0,0,22.78,0,19
2022-02-13,Pliers,6,2,0,0,18.03,6,7
2022-02-13,Saw,6,2,0,0,91.44,15,16
2022-02-13,Drill,6,2,0,0,171.85,17,12
2022-02-14,Hammer,0,2,0,0,37.28,15,11
2022-02-14,Screwdriver,0,2,0,0,22.53,19,7
2022-02-14,Pliers,0,2,0,0,24.53,7,12
2022-02-14,Saw,0,2,0,0,58.04,16,17
2022-02-14,Drill,0,2,0,0,182.95,12,16
2022-02-15,Hammer,1,2,0,0,33.71,11,9
2022-02-15,Screwdriver,1,2,0,0,12.71,7,10
2022-02-15,Pliers,1,2,0,0,29.8,12,5
2022-02-15,Saw,1,2,0,0,104.2,17,7
2022-02-15,Drill,1,2,0,0,181.57,16,8
2022-02-16,Hammer,2,2,0,0,20.63,9,14
2022-02-16,Screwdriver,2,2,0,0,24.72,10,17
2022-02-16,Pliers,2,2,0,0,32.19,5,15
2022-02-16,Saw,2,2,0,1,50.87,7,33
2022-02-16,Drill,2,2,0,0,183.6,8,13
2022-02-17,Hammer,3,2,0,0,39.53,14,14
2022-02-17,Screwdriver,3,2,0,0,19.92,17,22
2022-02-17,Pliers,3,2,0,0,32.81,15,5
2022-02-17,Saw,3,2,0,0,53.85,33,14
2022-02-17,Drill,3,2,0,0,153.72,13,19
2022-02-18,Hammer,4,2,0,0,37.94,14,10
2022-02-18,Screwdriver,4,2,0,0,19.62,22,9
2022-02-18,Pliers,4,2,0,0,19.63,5,21
2022-02-18,Saw,4,2,0,0,93.08,14,12
2022-02-18,Drill,4,2,0,0,143.95,19,20
2022-02-19,Hammer,5,2,0,0,23.69,10,8
2022-02-19,Screwdriver,5,2,0,0,19.76,9,8
2022-02-19,Pliers,5,2,0,0,29.64,21,13
2022-02-19,Saw,5,2,0,0,83.47,12,20
2022-02-19,Drill,5,2,0,1,85.88,20,31
2022-02-20,Hammer,6,2,0,0,30.0,8,9
2022-02-20,Screwdriver,6,2,0,0,22.36,8,18
2022-02-20,Pliers,6,2,0,0,23.47,13,9
2022-02-20,Saw,6,2,0,0,95.88,20,3
2022-02-20,Drill,6,2,0,0,177.07,31,21
2022-02-21,Hammer,0,2,0,0,30.03,9,7
2022-02-21,Screwdriver,0,2,0,0,20.96,18,7
2022-02-21,Pliers,0,2,0,0,31.13,9,14
2022-02-21,Saw,0,2,0,0,53.63,3,2
2022-02-21,Drill,0,2,0,0,164.71,21,10
2022-02-22,Hammer,1,2,0,0,34.13,7,5
2022-02-22,Screwdriver,1,2,0,0,16.43,7,11
2022-02-22,Pliers,1,2,0,0,31.25,14,25
2022-02-22,Saw,1,2,0,0,59.26,2,1
2022-02-22,Drill,1,2,0,1,181.52,10,29
2022-02-23,Hammer,2,2,0,0,33.3,5,14
2022-02-23,Screwdriver,2,2,0,0,14.59,11,15
2022-02-23,Pliers,2,2,0,0,17.62,25,18
2022-02-23,Saw,2,2,0,0,90.96,1,21
2022-02-23,Drill,2,2,0,0,190.59,29,20
2022-02-24,Hammer,3,2,0,0,39.82,14,18
2022-02-24,Screwdriver,3,2,0,1,15.41,15,38
2022-02-24,Pliers,3,2,0,0,27.72,18,6
2022-02-24,Saw,3,2,0,0,90.87,21,19
2022-02-24,Drill,3,2,0,0,108.8,20,20
2022-02-25,Hammer,4,2,0,0,39.65,18,13
2022-02-25,Screwdriver,4,2,0,0,23.04,38,13
2022-02-25,Pliers,4,2,0,0,25.61,6,15
2022-02-25,Saw,4,2,0,0,107.33,19,18
2022-02-25,Drill,4,2,0,0,147.56,20,15
2022-02-26,Hammer,5,2,0,0,32.98,13,6
2022-02-26,Screwdriver,5,2,0,0,16.2,13,14
2022-02-26,Pliers,5,2,0,0,25.52,15,14
2022-02-26,Saw,5,2,0,0,92.7,18,8
2022-02-26,Drill,5,2,0,0,174.45,15,13
2022-02-27,Hammer,6,2,0,0,39.76,6,11
2022-02-27,Screwdriver,6,2,0,0,24.36,14,3
2022-02-27,Pliers,6,2,0,0,15.87,14,5
2022-02-27,Saw,6,2,0,1,55.52,8,32
2022-02-27,Drill,6,2,0,0,93.28,13,9
2022-02-28,Hammer,0,2,0,0,30.54,11,12
2022-02-28,Screwdriver,0,2,0,0,23.94,3,13
2022-02-28,Pliers,0,2,0,0,27.82,5,12
2022-02-28,Saw,0,2,0,0,75.55,32,12
2022-02-28,Drill,0,2,0,0,121.26,9,12
2022-03-01,Hammer,1,3,0,0,35.71,12,0
2022-03-01,Screwdriver,1,3,0,0,23.18,13,12
2022-03-01,Pliers,1,3,0,0,17.23,12,16
2022-03-01,Saw,1,3,0,0,56.76,12,11
2022-03-01,Drill,1,3,0,0,107.85,12,18
2022-03-02,Hammer,2,3,0,0,39.09,0,14
2022-03-02,Screwdriver,2,3,0,0,12.68,12,16
2022-03-02,Pliers,2,3,0,0,29.91,16,23
2022-03-02,Saw,2,3,0,0,58.94,11,13
2022-03-02,Drill,2,3,0,0,112.34,18,6
2022-03-03,Hammer,3,3,0,0,38.49,14,21
2022-03-03,Screwdriver,3,3,0,1,12.61,16,31
2022-03-03,Pliers,3,3,0,0,27.38,23,15
2022-03-03,Saw,3,3,0,0,119.74,13,7
2022-03-03,Drill,3,3,0,0,183.26,6,15
2022-03-04,Hammer,4,3,0,0,26.65,21,12
2022-03-04,Screwdriver,4,3,0,0,13.76,31,14
2022-03-04,Pliers,4,3,0,0,32.74,15,15
2022-03-04,Saw,4,3,0,0,81.05,7,7
2022-03-04,Drill,4,3,0,0,80.53,15,19
2022-03-05,Hammer,5,3,0,0,20.33,12,1
2022-03-05,Screwdriver,5,3,0,0,17.39,14,9
2022-03-05,Pliers,5,3,0,0,22.7,15,18
2022-03-05,Saw,5,3,0,0,96.08,7,13
2022-03-05,Drill,5,3,0,0,129.28,19,23
2022-03-06,Hammer,6,3,0,0,26.13,1,4
2022-03-06,Screwdriver,6,3,0,1,22.12,9,31
2022-03-06,Pliers,6,3,0,0,24.65,18,18
2022-03-06,Saw,6,3,0,0,71.52,13,11
2022-03-06,Drill,6,3,0,0,163.08,23,17
2022-03-07,Hammer,0,3,0,1,26.94,4,25
2022-03-07,Screwdriver,0,3,0,0,17.36,31,18
2022-03-07,Pliers,0,3,0,0,33.36,18,14
2022-03-07,Saw,0,3,0,0,106.6,11,17
2022-03-07,Drill,0,3,0,0,122.69,17,14
2022-03-08,Hammer,1,3,0,0,32.76,25,6
2022-03-08,Screwdriver,1,3,0,0,16.57,18,15
2022-03-08,Pliers,1,3,0,1,34.92,14,29
2022-03-08,Saw,1,3,0,0,63.25,17,3
2022-03-08,Drill,1,3,0,0,165.61,14,15
2022-03-09,Hammer,2,3,0,1,37.26,6,31
2022-03-09,Screwdriver,2,3,0,0,12.94,15,13
2022-03-09,Pliers,2,3,0,0,34.9,29,17
2022-03-09,Saw,2,3,0,0,63.38,3,13
2022-03-09,Drill,2,3,0,0,101.25,15,22
2022-03-10,Hammer,3,3,0,1,39.87,31,24
2022-03-10,Screwdriver,3,3,0,0,20.29,13,8
2022-03-10,Pliers,3,3,0,0,16.05,17,10
2022-03-10,Saw,3,3,0,0,113.34,13,11
2022-03-10,Drill,3,3,0,0,122.87,22,19
2022-03-11,Hammer,4,3,0,0,24.87,24,6
2022-03-11,Screwdriver,4,3,0,0,18.89,8,13
2022-03-11,Pliers,4,3,0,1,18.84,10,23
2022-03-11,Saw,4,3,0,0,70.28,11,6
2022-03-11,Drill,4,3,0,0,124.78,19,8
2022-03-12,Hammer,5,3,0,1,20.74,6,23
2022-03-12,Screwdriver,5,3,0,0,22.25,13,15
2022-03-12,Pliers,5,3,0,0,19.56,23,17
2022-03-12,Saw,5,3,0,0,75.11,6,18
2022-03-12,Drill,5,3,0,1,122.3,8,30
2022-03-13,Hammer,6,3,0,0,35.49,23,15
2022-03-13,Screwdriver,6,3,0,0,23.03,15,9
2022-03-13,Pliers,6,3,0,0,29.87,17,8
2022-03-13,Saw,6,3,0,0,112.69,18,10
2022-03-13,Drill,6,3,0,1,121.25,30,26
2022-03-14,Hammer,0,3,0,0,21.98,15,14
2022-03-14,Screwdriver,0,3,0,0,22.08,9,16
2022-03-14,Pliers,0,3,0,0,17.02,8,13
2022-03-14,Saw,0,3,0,0,53.55,10,10
2022-03-14,Drill,0,3,0,0,153.11,26,14
2022-03-15,Hammer,1,3,0,0,39.44,14,11
2022-03-15,Screwdriver,1,3,0,0,24.21,16,9
2022-03-15,Pliers,1,3,0,0,29.93,13,14
2022-03-15,Saw,1,3,0,0,106.71,10,3
2022-03-15,Drill,1,3,0,0,92.09,14,12
2022-03-16,Hammer,2,3,0,1,27.03,11,33
2022-03-16,Screwdriver,2,3,0,0,19.54,9,22
2022-03-16,Pliers,2,3,0,0,21.68,14,15
2022-03-16,Saw,2,3,0,0,74.76,3,12
2022-03-16,Drill,2,3,0,0,144.13,12,19
2022-03-17,Hammer,3,3,0,0,39.55,33,15
2022-03-17,Screwdriver,3,3,0,1,10.93,22,27
2022-03-17,Pliers,3,3,0,0,32.14,15,14
2022-03-17,Saw,3,3,0,0,81.75,12,21
2022-03-17,Drill,3,3,0,1,98.69,19,27
2022-03-18,Hammer,4,3,0,0,32.01,15,12
2022-03-18,Screwdriver,4,3,0,1,15.91,27,30
2022-03-18,Pliers,4,3,0,0,17.68,14,20
2022-03-18,Saw,4,3,0,0,107.64,21,7
2022-03-18,Drill,4,3,0,0,191.4,27,20
2022-03-19,Hammer,5,3,0,0,26.46,12,1
2022-03-19,Screwdriver,5,3,0,0,23.12,30,5
2022-03-19,Pliers,5,3,0,0,20.24,20,1
2022-03-19,Saw,5,3,0,0,74.17,7,14
2022-03-19,Drill,5,3,0,0,155.52,20,17
2022-03-20,Hammer,6,3,0,0,28.04,1,8
2022-03-20,Screwdriver,6,3,0,0,15.1,5,2
2022-03-20,Pliers,6,3,0,0,32.19,1,4
2022-03-20,Saw,6,3,0,0,82.56,14,2
2022-03-20,Drill,6,3,0,0,146.85,17,14
2022-03-21,Hammer,0,3,0,0,39.39,8,15
2022-03-21,Screwdriver,0,3,0,0,12.5,2,24
2022-03-21,Pliers,0,3,0,0,19.46,4,14
2022-03-21,Saw,0,3,0,0,62.68,2,6
2022-03-21,Drill,0,3,0,0,189.4,14,15
2022-03-22,Hammer,1,3,0,0,32.6,15,7
2022-03-22,Screwdriver,1,3,0,0,21.32,24,21
2022-03-22,Pliers,1,3,0,0,16.98,14,5
2022-03-22,Saw,1,3,0,0,109.01,6,12
2022-03-22,Drill,1,3,0,0,98.31,15,20
2022-03-23,Hammer,2,3,0,0,25.25,7,6
2022-03-23,Screwdriver,2,3,0,0,19.81,21,8
2022-03-23,Pliers,2,3,0,0,33.85,5,9
2022-03-23,Saw,2,3,0,0,113.21,12,11
2022-03-23,Drill,2,3,0,0,84.07,20,10
2022-03-24,Hammer,3,3,0,0,26.42,6,17
2022-03-24,Screwdriver,3,3,0,0,18.07,8,21
2022-03-24,Pliers,3,3,0,0,26.67,9,20
2022-03-24,Saw,3,3,0,1,100.22,11,32
2022-03-24,Drill,3,3,0,0,191.76,10,27
2022-03-25,Hammer,4,3,0,0,32.2,17,8
2022-03-25,Screwdriver,4,3,0,0,23.83,21,10
2022-03-25,Pliers,4,3,0,0,26.75,20,17
2022-03-25,Saw,4,3,0,0,60.17,32,10
2022-03-25,Drill,4,3,0,1,122.65,27,30
2022-03-26,Hammer,5,3,0,0,25.5,8,12
2022-03-26,Screwdriver,5,3,0,0,22.66,10,10
2022-03-26,Pliers,5,3,0,1,24.24,17,32
2022-03-26,Saw,5,3,0,0,75.66,10,10
2022-03-26,Drill,5,3,0,0,143.55,30,18
2022-03-27,Hammer,6,3,0,1,32.06,12,24
2022-03-27,Screwdriver,6,3,0,0,20.91,10,11
2022-03-27,Pliers,6,3,0,0,30.95,32,11
2022-03-27,Saw,6,3,0,1,92.54,10,28
2022-03-27,Drill,6,3,0,0,182.16,18,7
2022-03-28,Hammer,0,3,0,0,33.86,24,8
2022-03-28,Screwdriver,0,3,0,1,13.66,11,31
2022-03-28,Pliers,0,3,0,0,26.5,11,12
2022-03-28,Saw,0,3,0,0,87.43,28,16
2022-03-28,Drill,0,3,0,1,123.94,7,38
2022-03-29,Hammer,1,3,0,0,29.25,8,20
2022-03-29,Screwdriver,1,3,0,0,14.04,31,11
2022-03-29,Pliers,1,3,0,1,19.07,12,31
2022-03-29,Saw,1,3,0,0,79.45,16,8
2022-03-29,Drill,1,3,0,1,195.47,38,38
2022-03-30,Hammer,2,3,0,0,20.1,20,10
2022-03-30,Screwdriver,2,3,0,0,17.58,11,22
2022-03-30,Pliers,2,3,0,1,30.42,31,26
2022-03-30,Saw,2,3,0,0,106.42,8,22
2022-03-30,Drill,2,3,0,0,145.89,38,18
2022-03-31,Hammer,3,3,0,0,35.58,10,19
2022-03-31,Screwdriver,3,3,0,0,11.1,22,20
2022-03-31,Pliers,3,3,0,0,22.1,26,12
2022-03-31,Saw,3,3,0,0,51.16,22,12
2022-03-31,Drill,3,3,0,0,169.14,18,19
2022-04-01,Hammer,4,4,0,0,23.88,19,11
2022-04-01,Screwdriver,4,4,0,0,21.52,20,18
2022-04-01,Pliers,4,4,0,0,24.23,12,15
2022-04-01,Saw,4,4,0,1,68.44,12,28
2022-04-01,Drill,4,4,0,0,155.22,19,19
2022-04-02,Hammer,5,4,0,0,21.36,11,20
2022-04-02,Screwdriver,5,4,0,0,23.66,18,11
2022-04-02,Pliers,5,4,0,0,29.18,15,19
2022-04-02,Saw,5,4,0,1,93.24,28,33
2022-04-02,Drill,5,4,0,0,111.45,19,21
2022-04-03,Hammer,6,4,0,0,22.19,20,8
2022-04-03,Screwdriver,6,4,0,1,23.33,11,23
2022-04-03,Pliers,6,4,0,1,21.03,19,24
2022-04-03,Saw,6,4,0,0,72.34,33,13
2022-04-03,Drill,6,4,0,0,112.83,21,16
2022-04-04,Hammer,0,4,0,0,23.9,8,17
2022-04-04,Screwdriver,0,4,0,0,18.85,23,15
2022-04-04,Pliers,0,4,0,0,16.35,24,8
2022-04-04,Saw,0,4,0,0,61.19,13,4
2022-04-04,Drill,0,4,0,0,129.86,16,11
2022-04-05,Hammer,1,4,0,0,39.48,17,12
2022-04-05,Screwdriver,1,4,0,1,18.96,15,26
2022-04-05,Pliers,1,4,0,0,23.74,8,25
2022-04-05,Saw,1,4,0,0,76.74,4,17
2022-04-05,Drill,1,4,0,1,108.82,11,26
2022-04-06,Hammer,2,4,0,0,37.06,12,12
2022-04-06,Screwdriver,2,4,0,0,20.27,26,13
2022-04-06,Pliers,2,4,0,0,31.62,25,7
2022-04-06,Saw,2,4,0,1,65.25,17,33
2022-04-06,Drill,2,4,0,0,148.25,26,24
2022-04-07,Hammer,3,4,0,0,21.18,12,16
2022-04-07,Screwdriver,3,4,0,0,16.19,13,12
2022-04-07,Pliers,3,4,0,0,29.55,7,27
2022-04-07,Saw,3,4,0,1,58.28,33,33
2022-04-07,Drill,3,4,0,1,83.11,24,33
2022-04-08,Hammer,4,4,0,0,33.76,16,15
2022-04-08,Screwdriver,4,4,0,0,19.54,12,10
2022-04-08,Pliers,4,4,0,0,30.62,27,19
2022-04-08,Saw,4,4,0,0,53.86,33,16
2022-04-08,Drill,4,4,0,0,154.38,33,20
2022-04-09,Hammer,5,4,0,0,22.41,15,19
2022-04-09,Screwdriver,5,4,0,0,13.95,10,10
2022-04-09,Pliers,5,4,0,0,26.55,19,11
2022-04-09,Saw,5,4,0,0,110.56,16,14
2022-04-09,Drill,5,4,0,0,189.69,20,19
2022-04-10,Hammer,6,4,0,0,26.41,19,2
2022-04-10,Screwdriver,6,4,0,0,24.44,10,7
2022-04-10,Pliers,6,4,0,0,26.83,11,8
2022-04-10,Saw,6,4,0,0,81.3,14,4
2022-04-10,Drill,6,4,0,0,173.35,19,25
2022-04-11,Hammer,0,4,0,1,22.98,2,24
2022-04-11,Screwdriver,0,4,0,0,11.1,7,9
2022-04-11,Pliers,0,4,0,0,31.06,8,7
2022-04-11,Saw,0,4,0,0,80.46,4,5
2022-04-11,Drill,0,4,0,0,197.35,25,10
2022-04-12,Hammer,1,4,0,1,39.33,24,25
2022-04-12,Screwdriver,1,4,0,0,19.91,9,10
2022-04-12,Pliers,1,4,0,0,31.18,7,10
2022-04-12,Saw,1,4,0,1,76.9,5,34
2022-04-12,Drill,1,4,0,0,158.57,10,19
2022-04-13,Hammer,2,4,0,0,34.01,25,13
2022-04-13,Screwdriver,2,4,0,1,11.88,10,31
2022-04-13,Pliers,2,4,0,0,29.59,10,15
2022-04-13,Saw,2,4,0,0,81.57,34,13
2022-04-13,Drill,2,4,0,0,189.75,19,13
2022-04-14,Hammer,3,4,0,0,39.5,13,15
2022-04-14,Screwdriver,3,4,0,0,19.96,31,24
2022-04-14,Pliers,3,4,0,0,23.05,15,15
2022-04-14,Saw,3,4,0,0,57.38,13,32
2022-04-14,Drill,3,4,0,0,176.55,13,11
2022-04-15,Hammer,4,4,0,0,20.44,15,22
2022-04-15,Screwdriver,4,4,0,0,21.47,24,14
2022-04-15,Pliers,4,4,0,0,24.45,15,13
2022-04-15,Saw,4,4,0,0,103.86,32,18
2022-04-15,Drill,4,4,0,0,156.72,11,15
2022-04-16,Hammer,5,4,0,0,29.65,22,18
2022-04-16,Screwdriver,5,4,0,0,19.3,14,22
2022-04-16,Pliers,5,4,0,1,32.64,13,30
2022-04-16,Saw,5,4,0,0,59.98,18,16
2022-04-16,Drill,5,4,0,1,81.09,15,24
2022-04-17,Hammer,6,4,0,0,31.39,18,10
2022-04-17,Screwdriver,6,4,0,0,19.22,22,14
2022-04-17,Pliers,6,4,0,0,30.86,30,9
2022-04-17,Saw,6,4,0,0,92.59,16,12
2022-04-17,Drill,6,4,0,0,127.1,24,4
2022-04-18,Hammer,0,4,0,0,33.0,10,13
2022-04-18,Screwdriver,0,4,0,0,21.2,14,16
2022-04-18,Pliers,0,4,0,0,34.9,9,17
2022-04-18,Saw,0,4,0,0,82.48,12,2
2022-04-18,Drill,0,4,0,0,136.82,4,9
2022-04-19,Hammer,1,4,0,0,23.87,13,10
2022-04-19,Screwdriver,1,4,0,0,14.46,16,18
2022-04-19,Pliers,1,4,0,0,19.31,17,6
2022-04-19,Saw,1,4,0,0,104.33,2,21
2022-04-19,Drill,1,4,0,0,112.24,9,10
2022-04-20,Hammer,2,4,0,1,31.79,10,21
2022-04-20,Screwdriver,2,4,0,0,18.17,18,14
2022-04-20,Pliers,2,4,0,0,23.55,6,20
2022-04-20,Saw,2,4,0,0,105.94,21,27
2022-04-20,Drill,2,4,0,0,83.18,10,19
2022-04-21,Hammer,3,4,0,1,32.13,21,22
2022-04-21,Screwdriver,3,4,0,0,16.58,14,14
2022-04-21,Pliers,3,4,0,0,23.24,20,20
2022-04-21,Saw,3,4,0,0,56.88,27,14
2022-04-21,Drill,3,4,0,0,172.21,19,18
2022-04-22,Hammer,4,4,0,1,36.83,22,29
2022-04-22,Screwdriver,4,4,0,0,16.32,14,19
2022-04-22,Pliers,4,4,0,0,33.16,20,21
2022-04-22,Saw,4,4,0,0,111.34,14,17
2022-04-22,Drill,4,4,0,0,183.28,18,13
2022-04-23,Hammer,5,4,0,0,27.75,29,11
2022-04-23,Screwdriver,5,4,0,0,24.28,19,17
2022-04-23,Pliers,5,4,0,0,33.99,21,16
2022-04-23,Saw,5,4,0,1,69.78,17,32
2022-04-23,Drill,5,4,0,0,149.98,13,15
2022-04-24,Hammer,6,4,0,0,39.16,11,2
2022-04-24,Screwdriver,6,4,0,0,11.17,17,8
2022-04-24,Pliers,6,4,0,0,21.07,16,12
2022-04-24,Saw,6,4,0,0,78.18,32,6
2022-04-24,Drill,6,4,0,0,87.92,15,15
2022-04-25,Hammer,0,4,0,1,35.98,2,27
2022-04-25,Screwdriver,0,4,0,0,12.87,8,8
2022-04-25,Pliers,0,4,0,1,21.64,12,27
2022-04-25,Saw,0,4,0,1,64.2,6,25
2022-04-25,Drill,0,4,0,0,120.82,15,17
2022-04-26,Hammer,1,4,0,0,20.11,27,4
2022-04-26,Screwdriver,1,4,0,0,16.76,8,13
2022-04-26,Pliers,1,4,0,0,20.3,27,10
2022-04-26,Saw,1,4,0,0,98.44,25,10
2022-04-26,Drill,1,4,0,0,141.45,17,14
2022-04-27,Hammer,2,4,0,0,38.24,4,15
2022-04-27,Screwdriver,2,4,0,0,15.17,13,13
2022-04-27,Pliers,2,4,0,0,27.18,10,10
2022-04-27,Saw,2,4,0,0,73.65,10,19
2022-04-27,Drill,2,4,0,0,89.1,14,11
2022-04-28,Hammer,3,4,0,0,23.91,15,14
2022-04-28,Screwdriver,3,4,0,0,21.62,13,20
2022-04-28,Pliers,3,4,0,0,18.62,10,12
2022-04-28,Saw,3,4,0,0,100.63,19,20
2022-04-28,Drill,3,4,0,0,94.61,11,17
2022-04-29,Hammer,4,4,0,0,25.34,14,3
2022-04-29,Screwdriver,4,4,0,0,17.79,20,14
2022-04-29,Pliers,4,4,0,0,16.63,12,14
2022-04-29,Saw,4,4,0,0,68.86,20,18
2022-04-29,Drill,4,4,0,0,114.73,17,23
2022-04-30,Hammer,5,4,0,0,33.33,3,15
2022-04-30,Screwdriver,5,4,0,1,21.95,14,30
2022-04-30,Pliers,5,4,0,0,26.23,14,19
2022-04-30,Saw,5,4,0,0,116.96,18,10
2022-04-30,Drill,5,4,0,1,161.73,23,33
2022-05-01,Hammer,6,5,0,1,37.22,15,30
2022-05-01,Screwdriver,6,5,0,0,20.11,30,12
2022-05-01,Pliers,6,5,0,0,25.29,19,8
2022-05-01,Saw,6,5,0,0,115.64,10,17
2022-05-01,Drill,6,5,0,0,175.34,33,12
2022-05-02,Hammer,0,5,0,0,37.41,30,0
2022-05-02,Screwdriver,0,5,0,0,12.82,12,4
2022-05-02,Pliers,0,5,0,0,17.62,8,8
2022-05-02,Saw,0,5,0,0,75.6,17,9
2022-05-02,Drill,0,5,0,0,82.95,12,14
2022-05-03,Hammer,1,5,0,0,38.17,0,16
2022-05-03,Screwdriver,1,5,0,0,20.68,4,18
2022-05-03,Pliers,1,5,0,0,34.52,8,18
2022-05-03,Saw,1,5,0,1,91.77,9,37
2022-05-03,Drill,1,5,0,0,105.77,14,14
2022-05-04,Hammer,2,5,0,0,34.81,16,5
2022-05-04,Screwdriver,2,5,0,0,22.63,18,16
2022-05-04,Pliers,2,5,0,0,20.89,18,7
2022-05-04,Saw,2,5,0,0,86.0,37,17
2022-05-04,Drill,2,5,0,0,188.21,14,21
2022-05-05,Hammer,3,5,0,0,27.48,5,14
2022-05-05,Screwdriver,3,5,0,0,24.73,16,20
2022-05-05,Pliers,3,5,0,0,31.42,7,8
2022-05-05,Saw,3,5,0,1,82.04,17,35
2022-05-05,Drill,3,5,0,0,125.16,21,21
2022-05-06,Hammer,4,5,0,0,26.32,14,20
2022-05-06,Screwdriver,4,5,0,0,19.62,20,15
2022-05-06,Pliers,4,5,0,0,18.77,8,12
2022-05-06,Saw,4,5,0,0,67.98,35,22
2022-05-06,Drill,4,5,0,0,121.1,21,21
2022-05-07,Hammer,5,5,0,0,24.63,20,12
2022-05-07,Screwdriver,5,5,0,1,23.29,15,28
2022-05-07,Pliers,5,5,0,0,30.07,12,10
2022-05-07,Saw,5,5,0,0,90.91,22,16
2022-05-07,Drill,5,5,0,0,101.59,21,23
2022-05-08,Hammer,6,5,0,0,23.57,12,10
2022-05-08,Screwdriver,6,5,0,0,21.96,28,11
2022-05-08,Pliers,6,5,0,0,32.33,10,13
2022-05-08,Saw,6,5,0,0,97.4,16,6
2022-05-08,Drill,6,5,0,0,188.79,23,17
2022-05-09,Hammer,0,5,0,0,31.67,10,14
2022-05-09,Screwdriver,0,5,0,0,21.76,11,6
2022-05-09,Pliers,0,5,0,0,23.78,13,13
2022-05-09,Saw,0,5,0,0,102.59,6,8
2022-05-09,Drill,0,5,0,0,126.39,17,11
2022-05-10,Hammer,1,5,0,0,20.66,14,10
2022-05-10,Screwdriver,1,5,0,0,23.96,6,10
2022-05-10,Pliers,1,5,0,0,28.11,13,20
2022-05-10,Saw,1,5,0,0,51.33,8,6
2022-05-10,Drill,1,5,0,0,159.6,11,25
2022-05-11,Hammer,2,5,0,0,33.39,10,10
2022-05-11,Screwdriver,2,5,0,0,16.27,10,14
2022-05-11,Pliers,2,5,0,0,32.65,20,14
2022-05-11,Saw,2,5,0,0,101.98,6,12
2022-05-11,Drill,2,5,0,0,97.18,25,22
2022-05-12,Hammer,3,5,0,0,25.02,10,10
2022-05-12,Screwdriver,3,5,0,0,11.21,14,14
2022-05-12,Pliers,3,5,0,1,29.62,14,28
2022-05-12,Saw,3,5,0,1,107.7,12,24
2022-05-12,Drill,3,5,0,0,118.32,22,24
2022-05-13,Hammer,4,5,0,1,28.43,10,30
2022-05-13,Screwdriver,4,5,0,0,12.9,14,20
2022-05-13,Pliers,4,5,0,1,33.26,28,29
2022-05-13,Saw,4,5,0,0,118.46,24,10
2022-05-13,Drill,4,5,0,0,159.37,24,15
2022-05-14,Hammer,5,5,0,1,39.09,30,23
2022-05-14,Screwdriver,5,5,0,0,20.61,20,18
2022-05-14,Pliers,5,5,0,0,21.05,29,14
2022-05-14,Saw,5,5,0,0,108.75,10,10
2022-05-14,Drill,5,5,0,0,185.08,15,16
2022-05-15,Hammer,6,5,0,0,28.5,23,16
2022-05-15,Screwdriver,6,5,0,0,12.49,18,13
2022-05-15,Pliers,6,5,0,1,25.81,14,20
2022-05-15,Saw,6,5,0,0,116.4,10,15
2022-05-15,Drill,6,5,0,0,169.1,16,15
2022-05-16,Hammer,0,5,0,0,37.87,16,4
2022-05-16,Screwdriver,0,5,0,0,14.38,13,10
2022-05-16,Pliers,0,5,0,0,26.09,20,12
2022-05-16,Saw,0,5,0,0,59.47,15,16
2022-05-16,Drill,0,5,0,0,165.53,15,21
2022-05-17,Hammer,1,5,0,0,31.72,4,20
2022-05-17,Screwdriver,1,5,0,0,16.41,10,12
2022-05-17,Pliers,1,5,0,0,20.64,12,16
2022-05-17,Saw,1,5,0,1,117.88,16,25
2022-05-17,Drill,1,5,0,0,185.99,21,13
2022-05-18,Hammer,2,5,0,0,28.33,20,24
2022-05-18,Screwdriver,2,5,0,0,20.02,12,17
2022-05-18,Pliers,2,5,0,0,27.04,16,27
2022-05-18,Saw,2,5,0,1,55.21,25,24
2022-05-18,Drill,2,5,0,0,112.06,13,18
2022-05-19,Hammer,3,5,0,0,33.11,24,11
2022-05-19,Screwdriver,3,5,0,0,23.08,17,15
2022-05-19,Pliers,3,5,0,1,27.06,27,26
2022-05-19,Saw,3,5,0,0,113.96,24,12
2022-05-19,Drill,3,5,0,0,105.39,18,11
2022-05-20,Hammer,4,5,0,0,32.89,11,12
2022-05-20,Screwdriver,4,5,0,0,16.05,15,8
2022-05-20,Pliers,4,5,0,0,29.41,26,15
2022-05-20,Saw,4,5,0,0,56.4,12,13
2022-05-20,Drill,4,5,0,0,119.62,11,24
2022-05-21,Hammer,5,5,0,0,34.11,12,10
2022-05-21,Screwdriver,5,5,0,1,15.68,8,31
2022-05-21,Pliers,5,5,0,1,29.54,15,25
2022-05-21,Saw,5,5,0,0,50.1,13,12
2022-05-21,Drill,5,5,0,0,123.09,24,20
2022-05-22,Hammer,6,5,0,0,38.64,10,17
2022-05-22,Screwdriver,6,5,0,0,21.86,31,7
2022-05-22,Pliers,6,5,0,0,33.39,25,10
2022-05-22,Saw,6,5,0,0,101.82,12,19
2022-05-22,Drill,6,5,0,1,195.29,20,39
2022-05-23,Hammer,0,5,0,0,29.66,17,6
2022-05-23,Screwdriver,0,5,0,0,13.3,7,15
2022-05-23,Pliers,0,5,0,0,28.1,10,7
2022-05-23,Saw,0,5,0,0,78.22,19,12
2022-05-23,Drill,0,5,0,0,122.22,39,19
2022-05-24,Hammer,1,5,0,0,27.95,6,22
2022-05-24,Screwdriver,1,5,0,0,15.0,15,13
2022-05-24,Pliers,1,5,0,0,16.42,7,14
2022-05-24,Saw,1,5,0,0,108.25,12,13
2022-05-24,Drill,1,5,0,0,121.77,19,13
2022-05-25,Hammer,2,5,0,0,39.71,22,8
2022-05-25,Screwdriver,2,5,0,0,21.02,13,7
2022-05-25,Pliers,2,5,0,0,20.09,14,12
2022-05-25,Saw,2,5,0,0,89.0,13,18
2022-05-25,Drill,2,5,0,0,134.97,13,9
2022-05-26,Hammer,3,5,0,0,37.17,8,23
2022-05-26,Screwdriver,3,5,0,0,10.83,7,13
2022-05-26,Pliers,3,5,0,0,29.67,12,14
2022-05-26,Saw,3,5,0,0,92.11,18,13
2022-05-26,Drill,3,5,0,0,116.71,9,25
2022-05-27,Hammer,4,5,0,1,24.89,23,25
2022-05-27,Screwdriver,4,5,0,0,15.05,13,9
2022-05-27,Pliers,4,5,0,0,16.65,14,19
2022-05-27,Saw,4,5,0,0,109.61,13,16
2022-05-27,Drill,4,5,0,0,123.81,25,19
2022-05-28,Hammer,5,5,0,0,35.81,25,3
2022-05-28,Screwdriver,5,5,0,0,15.82,9,14
2022-05-28,Pliers,5,5,0,0,19.44,19,12
2022-05-28,Saw,5,5,0,0,113.61,16,16
2022-05-28,Drill,5,5,0,0,124.69,19,18
2022-05-29,Hammer,6,5,0,0,20.14,3,13
2022-05-29,Screwdriver,6,5,0,0,17.2,14,17
2022-05-29,Pliers,6,5,0,0,20.93,12,16
2022-05-29,Saw,6,5,0,0,107.44,16,13
2022-05-29,Drill,6,5,0,1,149.74,18,36
2022-05-30,Hammer,0,5,0,0,26.56,13,12
2022-05-30,Screwdriver,0,5,0,0,20.66,17,15
2022-05-30,Pliers,0,5,0,0,33.4,16,10
2022-05-30,Saw,0,5,0,0,91.8,13,14
2022-05-30,Drill,0,5,0,0,118.83,36,17
2022-05-31,Hammer,1,5,0,0,38.44,12,2
2022-05-31,Screwdriver,1,5,0,0,12.83,15,12
2022-05-31,Pliers,1,5,0,0,20.95,10,8
2022-05-31,Saw,1,5,0,1,76.35,14,40
2022-05-31,Drill,1,5,0,1,103.03,17,35
2022-06-01,Hammer,2,6,0,0,28.44,2,7
2022-06-01,Screwdriver,2,6,0,0,14.56,12,16
2022-06-01,Pliers,2,6,0,0,34.87,8,20
2022-06-01,Saw,2,6,0,0,84.58,40,16
2022-06-01,Drill,2,6,0,0,136.31,35,9
2022-06-02,Hammer,3,6,0,0,21.91,7,22
2022-06-02,Screwdriver,3,6,0,0,16.18,16,16
2022-06-02,Pliers,3,6,0,0,32.57,20,24
2022-06-02,Saw,3,6,0,0,112.46,16,8
2022-06-02,Drill,3,6,0,0,131.6,9,21
2022-06-03,Hammer,4,6,0,0,37.73,22,9
2022-06-03,Screwdriver,4,6,0,1,13.09,16,30
2022-06-03,Pliers,4,6,0,0,25.8,24,15
2022-06-03,Saw,4,6,0,1,86.48,8,36
2022-06-03,Drill,4,6,0,0,93.59,21,18
2022-06-04,Hammer,5,6,0,0,31.87,9,13
2022-06-04,Screwdriver,5,6,0,0,23.58,30,7
2022-06-04,Pliers,5,6,0,0,19.87,15,16
2022-06-04,Saw,5,6,0,0,107.32,36,15
2022-06-04,Drill,5,6,0,0,181.89,18,20
2022-06-05,Hammer,6,6,0,0,36.72,13,3
2022-06-05,Screwdriver,6,6,0,1,11.23,7,29
2022-06-05,Pliers,6,6,0,0,31.33,16,27
2022-06-05,Saw,6,6,0,0,88.15,15,11
2022-06-05,Drill,6,6,0,1,153.02,20,35
2022-06-06,Hammer,0,6,0,1,23.16,3,21
2022-06-06,Screwdriver,0,6,0,0,18.97,29,11
2022-06-06,Pliers,0,6,0,1,16.01,27,22
2022-06-06,Saw,0,6,0,0,69.14,11,17
2022-06-06,Drill,0,6,0,0,157.6,35,9
2022-06-07,Hammer,1,6,0,0,25.86,21,16
2022-06-07,Screwdriver,1,6,0,0,23.71,11,20
2022-06-07,Pliers,1,6,0,0,31.58,22,11
2022-06-07,Saw,1,6,0,0,90.5,17,9
2022-06-07,Drill,1,6,0,0,92.83,9,11
2022-06-08,Hammer,2,6,0,0,35.62,16,18
2022-06-08,Screwdriver,2,6,0,0,12.04,20,11
2022-06-08,Pliers,2,6,0,0,19.04,11,12
2022-06-08,Saw,2,6,0,1,61.05,9,32
2022-06-08,Drill,2,6,0,0,197.98,11,16
2022-06-09,Hammer,3,6,0,0,25.19,18,5
2022-06-09,Screwdriver,3,6,0,0,21.11,11,16
2022-06-09,Pliers,3,6,0,1,19.03,12,32
2022-06-09,Saw,3,6,0,0,86.87,32,21
2022-06-09,Drill,3,6,0,0,176.7,16,18
2022-06-10,Hammer,4,6,0,0,21.13,5,14
2022-06-10,Screwdriver,4,6,0,0,23.82,16,21
2022-06-10,Pliers,4,6,0,0,30.47,32,26
2022-06-10,Saw,4,6,0,0,85.79,21,23
2022-06-10,Drill,4,6,0,0,152.7,18,22
2022-06-11,Hammer,5,6,0,0,28.73,14,22
2022-06-11,Screwdriver,5,6,0,1,12.73,21,29
2022-06-11,Pliers,5,6,0,0,30.96,26,18
2022-06-11,Saw,5,6,0,0,62.24,23,10
2022-06-11,Drill,5,6,0,0,189.41,22,25
2022-06-12,Hammer,6,6,0,1,30.55,22,17
2022-06-12,Screwdriver,6,6,0,0,18.55,29,11
2022-06-12,Pliers,6,6,0,0,33.09,18,17
2022-06-12,Saw,6,6,0,0,70.09,10,16
2022-06-12,Drill,6,6,0,0,128.91,25,18
2022-06-13,Hammer,0,6,0,1,39.94,17,24
2022-06-13,Screwdriver,0,6,0,1,18.86,11,25
2022-06-13,Pliers,0,6,0,0,29.11,17,17
2022-06-13,Saw,0,6,0,0,91.34,16,6
2022-06-13,Drill,0,6,0,0,116.72,18,12
2022-06-14,Hammer,1,6,0,0,25.3,24,19
2022-06-14,Screwdriver,1,6,0,0,18.54,25,14
2022-06-14,Pliers,1,6,0,0,22.06,17,15
2022-06-14,Saw,1,6,0,1,60.78,6,28
2022-06-14,Drill,1,6,0,0,180.85,12,23
2022-06-15,Hammer,2,6,0,0,36.32,19,0
2022-06-15,Screwdriver,2,6,0,0,16.91,14,12
2022-06-15,Pliers,2,6,0,0,16.77,15,21
2022-06-15,Saw,2,6,0,0,70.94,28,16
2022-06-15,Drill,2,6,0,0,191.76,23,19
2022-06-16,Hammer,3,6,0,0,33.3,0,10
2022-06-16,Screwdriver,3,6,0,0,10.61,12,17
2022-06-16,Pliers,3,6,0,0,23.49,21,23
2022-06-16,Saw,3,6,0,0,85.34,16,14
2022-06-16,Drill,3,6,0,0,135.02,19,17
2022-06-17,Hammer,4,6,0,0,34.65,10,11
2022-06-17,Screwdriver,4,6,0,0,18.34,17,21
2022-06-17,Pliers,4,6,0,0,25.57,23,16
2022-06-17,Saw,4,6,0,0,67.93,14,8
2022-06-17,Drill,4,6,0,0,99.51,17,25
2022-06-18,Hammer,5,6,0,1,37.62,11,30
2022-06-18,Screwdriver,5,6,0,0,13.48,21,7
2022-06-18,Pliers,5,6,0,0,21.6,16,7
2022-06-18,Saw,5,6,0,1,112.21,8,24
2022-06-18,Drill,5,6,0,0,123.82,25,20
2022-06-19,Hammer,6,6,0,0,31.9,30,10
2022-06-19,Screwdriver,6,6,0,0,24.79,7,17
2022-06-19,Pliers,6,6,0,0,31.35,7,13
2022-06-19,Saw,6,6,0,0,57.21,24,6
2022-06-19,Drill,6,6,0,0,93.16,20,7
2022-06-20,Hammer,0,6,0,0,35.3,10,19
2022-06-20,Screwdriver,0,6,0,0,23.09,17,15
2022-06-20,Pliers,0,6,0,0,17.97,13,9
2022-06-20,Saw,0,6,0,0,73.79,6,15
2022-06-20,Drill,0,6,0,0,109.74,7,9
2022-06-21,Hammer,1,6,0,0,27.98,19,15
2022-06-21,Screwdriver,1,6,0,0,11.4,15,16
2022-06-21,Pliers,1,6,0,0,32.28,9,20
2022-06-21,Saw,1,6,0,0,95.11,15,13
2022-06-21,Drill,1,6,0,0,120.81,9,22
2022-06-22,Hammer,2,6,0,0,37.86,15,11
2022-06-22,Screwdriver,2,6,0,0,22.31,16,23
2022-06-22,Pliers,2,6,0,0,34.7,20,11
2022-06-22,Saw,2,6,0,0,107.86,13,22
2022-06-22,Drill,2,6,0,0,138.48,22,17
2022-06-23,Hammer,3,6,0,0,26.5,11,5
2022-06-23,Screwdriver,3,6,0,0,18.73,23,12
2022-06-23,Pliers,3,6,0,0,16.02,11,15
2022-06-23,Saw,3,6,0,1,64.77,22,26
2022-06-23,Drill,3,6,0,0,169.58,17,22
2022-06-24,Hammer,4,6,0,0,39.64,5,17
2022-06-24,Screwdriver,4,6,0,1,13.5,12,34
2022-06-24,Pliers,4,6,0,0,17.63,15,12
2022-06-24,Saw,4,6,0,0,55.19,26,22
2022-06-24,Drill,4,6,0,0,191.12,22,15
2022-06-25,Hammer,5,6,0,0,23.71,17,9
2022-06-25,Screwdriver,5,6,0,1,23.67,34,26
2022-06-25,Pliers,5,6,0,0,31.26,12,16
2022-06-25,Saw,5,6,0,0,55.27,22,8
2022-06-25,Drill,5,6,0,0,93.32,15,5
2022-06-26,Hammer,6,6,0,0,34.77,9,7
2022-06-26,Screwdriver,6,6,0,0,14.72,26,18
2022-06-26,Pliers,6,6,0,0,31.68,16,22
2022-06-26,Saw,6,6,0,0,76.48,8,14
2022-06-26,Drill,6,6,0,0,145.8,5,20
2022-06-27,Hammer,0,6,0,1,27.82,7,20
2022-06-27,Screwdriver,0,6,0,0,11.69,18,12
2022-06-27,Pliers,0,6,0,1,21.54,22,22
2022-06-27,Saw,0,6,0,0,70.23,14,14
2022-06-27,Drill,0,6,0,0,183.44,20,10
2022-06-28,Hammer,1,6,0,0,22.36,20,18
2022-06-28,Screwdriver,1,6,0,0,19.78,12,14
2022-06-28,Pliers,1,6,0,1,24.72,22,34
2022-06-28,Saw,1,6,0,0,58.47,14,17
2022-06-28,Drill,1,6,0,1,188.49,10,36
2022-06-29,Hammer,2,6,0,0,26.37,18,6
2022-06-29,Screwdriver,2,6,0,0,12.04,14,16
2022-06-29,Pliers,2,6,0,0,30.86,34,18
2022-06-29,Saw,2,6,0,0,57.12,17,15
2022-06-29,Drill,2,6,0,0,188.1,36,19
2022-06-30,Hammer,3,6,0,0,39.8,6,9
2022-06-30,Screwdriver,3,6,0,0,22.59,16,13
2022-06-30,Pliers,3,6,0,1,34.62,18,32
2022-06-30,Saw,3,6,0,0,89.31,15,20
2022-06-30,Drill,3,6,0,0,175.47,19,18
2022-07-01,Hammer,4,7,0,0,39.76,9,17
2022-07-01,Screwdriver,4,7,0,0,15.17,13,25
2022-07-01,Pliers,4,7,0,0,34.57,32,15
2022-07-01,Saw,4,7,0,1,92.18,20,31
2022-07-01,Drill,4,7,0,0,171.81,18,11
2022-07-02,Hammer,5,7,0,0,37.53,17,14
2022-07-02,Screwdriver,5,7,0,0,16.4,25,11
2022-07-02,Pliers,5,7,0,0,15.86,15,5
2022-07-02,Saw,5,7,0,1,68.79,31,30
2022-07-02,Drill,5,7,0,0,84.67,11,20
2022-07-03,Hammer,6,7,0,0,28.09,14,16
2022-07-03,Screwdriver,6,7,0,0,24.03,11,22
2022-07-03,Pliers,6,7,0,0,25.01,5,14
2022-07-03,Saw,6,7,0,1,51.26,30,32
2022-07-03,Drill,6,7,0,0,160.87,20,26
2022-07-04,Hammer,0,7,0,0,39.41,16,10
2022-07-04,Screwdriver,0,7,0,0,10.85,22,17
2022-07-04,Pliers,0,7,0,0,23.34,14,9
2022-07-04,Saw,0,7,0,0,74.48,32,12
2022-07-04,Drill,0,7,0,0,121.07,26,13
2022-07-05,Hammer,1,7,0,1,31.48,10,23
2022-07-05,Screwdriver,1,7,0,0,10.19,17,20
2022-07-05,Pliers,1,7,0,0,28.57,9,17
2022-07-05,Saw,1,7,0,0,118.83,12,13
2022-07-05,Drill,1,7,0,0,187.83,13,14
2022-07-06,Hammer,2,7,0,1,21.32,23,25
2022-07-06,Screwdriver,2,7,0,0,12.56,20,11
2022-07-06,Pliers,2,7,0,0,16.73,17,22
2022-07-06,Saw,2,7,0,0,64.08,13,15
2022-07-06,Drill,2,7,0,0,184.01,14,8
2022-07-07,Hammer,3,7,0,0,23.96,25,10
2022-07-07,Screwdriver,3,7,0,0,20.5,11,23
2022-07-07,Pliers,3,7,0,0,26.45,22,30
2022-07-07,Saw,3,7,0,1,63.63,15,37
2022-07-07,Drill,3,7,0,0,146.97,8,34
2022-07-08,Hammer,4,7,0,1,30.54,10,27
2022-07-08,Screwdriver,4,7,0,0,11.85,23,15
2022-07-08,Pliers,4,7,0,0,23.53,30,19
2022-07-08,Saw,4,7,0,1,91.97,37,36
2022-07-08,Drill,4,7,0,0,82.82,34,17
2022-07-09,Hammer,5,7,0,0,33.18,27,8
2022-07-09,Screwdriver,5,7,0,0,21.89,15,11
2022-07-09,Pliers,5,7,0,0,25.83,19,7
2022-07-09,Saw,5,7,0,0,112.42,36,22
2022-07-09,Drill,5,7,0,0,122.96,17,14
2022-07-10,Hammer,6,7,0,0,37.57,8,9
2022-07-10,Screwdriver,6,7,0,0,12.78,11,12
2022-07-10,Pliers,6,7,0,0,33.3,7,20
2022-07-10,Saw,6,7,0,0,74.83,22,15
2022-07-10,Drill,6,7,0,0,108.04,14,9
2022-07-11,Hammer,0,7,0,0,33.63,9,10
2022-07-11,Screwdriver,0,7,0,0,11.2,12,14
2022-07-11,Pliers,0,7,0,0,23.79,20,13
2022-07-11,Saw,0,7,0,0,112.81,15,14
2022-07-11,Drill,0,7,0,0,199.95,9,10
2022-07-12,Hammer,1,7,0,0,35.91,10,8
2022-07-12,Screwdriver,1,7,0,0,20.66,14,10
2022-07-12,Pliers,1,7,0,0,29.67,13,22
2022-07-12,Saw,1,7,0,0,69.54,14,21
2022-07-12,Drill,1,7,0,1,181.92,10,25
2022-07-13,Hammer,2,7,0,0,23.0,8,19
2022-07-13,Screwdriver,2,7,0,0,12.92,10,19
2022-07-13,Pliers,2,7,0,0,33.33,22,16
2022-07-13,Saw,2,7,0,0,77.25,21,14
2022-07-13,Drill,2,7,0,0,195.15,25,15
2022-07-14,Hammer,3,7,0,0,35.09,19,19
2022-07-14,Screwdriver,3,7,0,1,24.76,19,24
2022-07-14,Pliers,3,7,0,0,34.63,16,28
2022-07-14,Saw,3,7,0,0,88.46,14,22
2022-07-14,Drill,3,7,0,0,90.94,15,29
2022-07-15,Hammer,4,7,0,0,34.37,19,14
2022-07-15,Screwdriver,4,7,0,0,14.87,24,21
2022-07-15,Pliers,4,7,0,0,21.2,28,15
2022-07-15,Saw,4,7,0,0,116.1,22,16
2022-07-15,Drill,4,7,0,0,144.42,29,23
2022-07-16,Hammer,5,7,0,0,38.99,14,18
2022-07-16,Screwdriver,5,7,0,0,20.68,21,16
2022-07-16,Pliers,5,7,0,0,25.82,15,17
2022-07-16,Saw,5,7,0,0,57.04,16,12
2022-07-16,Drill,5,7,0,0,182.58,23,22
2022-07-17,Hammer,6,7,0,0,21.96,18,0
2022-07-17,Screwdriver,6,7,0,0,14.46,16,11
2022-07-17,Pliers,6,7,0,0,30.67,17,23
2022-07-17,Saw,6,7,0,0,70.26,12,3
2022-07-17,Drill,6,7,0,0,187.74,22,16
2022-07-18,Hammer,0,7,0,0,31.49,0,10
2022-07-18,Screwdriver,0,7,0,0,22.34,11,11
2022-07-18,Pliers,0,7,0,0,28.41,23,15
2022-07-18,Saw,0,7,0,0,84.16,3,18
2022-07-18,Drill,0,7,0,0,122.74,16,17
2022-07-19,Hammer,1,7,0,0,23.26,10,9
2022-07-19,Screwdriver,1,7,0,0,18.38,11,16
2022-07-19,Pliers,1,7,0,0,15.54,15,9
2022-07-19,Saw,1,7,0,0,118.45,18,17
2022-07-19,Drill,1,7,0,0,139.97,17,16
2022-07-20,Hammer,2,7,0,0,36.95,9,17
2022-07-20,Screwdriver,2,7,0,0,16.76,16,10
2022-07-20,Pliers,2,7,0,0,16.43,9,7
2022-07-20,Saw,2,7,0,0,54.31,17,18
2022-07-20,Drill,2,7,0,0,144.31,16,20
2022-07-21,Hammer,3,7,0,0,31.17,17,11
2022-07-21,Screwdriver,3,7,0,0,16.53,10,13
2022-07-21,Pliers,3,7,0,1,29.3,7,30
2022-07-21,Saw,3,7,0,0,70.41,18,19
2022-07-21,Drill,3,7,0,0,158.76,20,26
2022-07-22,Hammer,4,7,0,0,36.96,11,6
2022-07-22,Screwdriver,4,7,0,0,12.11,13,8
2022-07-22,Pliers,4,7,0,0,24.79,30,14
2022-07-22,Saw,4,7,0,0,51.46,19,10
2022-07-22,Drill,4,7,0,0,107.33,26,23
2022-07-23,Hammer,5,7,0,0,27.07,6,16
2022-07-23,Screwdriver,5,7,0,0,17.58,8,21
2022-07-23,Pliers,5,7,0,0,29.68,14,16
2022-07-23,Saw,5,7,0,1,106.35,10,26
2022-07-23,Drill,5,7,0,0,156.75,23,15
2022-07-24,Hammer,6,7,0,1,20.79,16,18
2022-07-24,Screwdriver,6,7,0,0,22.87,21,9
2022-07-24,Pliers,6,7,0,0,29.81,16,11
2022-07-24,Saw,6,7,0,0,89.59,26,7
2022-07-24,Drill,6,7,0,0,165.43,15,10
2022-07-25,Hammer,0,7,0,0,32.36,18,10
2022-07-25,Screwdriver,0,7,0,0,10.79,9,11
2022-07-25,Pliers,0,7,0,0,29.73,11,12
2022-07-25,Saw,0,7,0,0,66.62,7,5
2022-07-25,Drill,0,7,0,1,114.35,10,27
2022-07-26,Hammer,1,7,0,0,24.59,10,11
2022-07-26,Screwdriver,1,7,0,0,12.64,11,6
2022-07-26,Pliers,1,7,0,0,18.42,12,14
2022-07-26,Saw,1,7,0,0,105.32,5,14
2022-07-26,Drill,1,7,0,0,98.4,27,18
2022-07-27,Hammer,2,7,0,0,39.28,11,16
2022-07-27,Screwdriver,2,7,0,0,11.49,6,15
2022-07-27,Pliers,2,7,0,0,34.18,14,7
2022-07-27,Saw,2,7,0,0,116.79,14,13
2022-07-27,Drill,2,7,0,0,105.67,18,14
2022-07-28,Hammer,3,7,0,0,21.39,16,21
2022-07-28,Screwdriver,3,7,0,0,18.37,15,11
2022-07-28,Pliers,3,7,0,0,19.13,7,15
2022-07-28,Saw,3,7,0,0,106.98,13,16
2022-07-28,Drill,3,7,0,0,194.08,14,27
2022-07-29,Hammer,4,7,0,0,36.07,21,6
2022-07-29,Screwdriver,4,7,0,0,24.06,11,16
2022-07-29,Pliers,4,7,0,0,34.87,15,12
2022-07-29,Saw,4,7,0,0,113.53,16,13
2022-07-29,Drill,4,7,0,0,96.32,27,15
2022-07-30,Hammer,5,7,0,0,28.05,6,2
2022-07-30,Screwdriver,5,7,0,0,16.74,16,22
2022-07-30,Pliers,5,7,0,0,27.17,12,8
2022-07-30,Saw,5,7,0,0,64.91,13,7
2022-07-30,Drill,5,7,0,0,162.28,15,21
2022-07-31,Hammer,6,7,0,1,31.83,2,19
2022-07-31,Screwdriver,6,7,0,0,10.74,22,14
2022-07-31,Pliers,6,7,0,0,20.63,8,8
2022-07-31,Saw,6,7,0,0,108.41,7,13
2022-07-31,Drill,6,7,0,0,180.13,21,5
2022-08-01,Hammer,0,8,0,0,39.3,19,15
2022-08-01,Screwdriver,0,8,0,0,20.74,14,19
2022-08-01,Pliers,0,8,0,0,21.51,8,7
2022-08-01,Saw,0,8,0,0,110.92,13,20
2022-08-01,Drill,0,8,0,0,155.66,5,21
2022-08-02,Hammer,1,8,0,0,38.34,15,13
2022-08-02,Screwdriver,1,8,0,0,18.81,19,14
2022-08-02,Pliers,1,8,0,1,17.8,7,26
2022-08-02,Saw,1,8,0,1,81.94,20,27
2022-08-02,Drill,1,8,0,0,183.8,21,17
2022-08-03,Hammer,2,8,0,0,30.44,13,11
2022-08-03,Screwdriver,2,8,0,0,10.46,14,11
2022-08-03,Pliers,2,8,0,0,19.38,26,18
2022-08-03,Saw,2,8,0,1,52.99,27,41
2022-08-03,Drill,2,8,0,0,185.34,17,7
2022-08-04,Hammer,3,8,0,0,35.51,11,10
2022-08-04,Screwdriver,3,8,0,0,14.34,11,9
2022-08-04,Pliers,3,8,0,0,20.36,18,16
2022-08-04,Saw,3,8,0,0,100.22,41,27
2022-08-04,Drill,3,8,0,0,137.61,7,16
2022-08-05,Hammer,4,8,0,0,24.3,10,9
2022-08-05,Screwdriver,4,8,0,0,15.67,9,14
2022-08-05,Pliers,4,8,0,1,15.67,16,31
2022-08-05,Saw,4,8,0,1,65.1,27,30
2022-08-05,Drill,4,8,0,1,95.25,16,38
2022-08-06,Hammer,5,8,0,0,26.34,9,14
2022-08-06,Screwdriver,5,8,0,1,21.07,14,32
2022-08-06,Pliers,5,8,0,0,32.41,31,12
2022-08-06,Saw,5,8,0,0,54.79,30,8
2022-08-06,Drill,5,8,0,0,111.89,38,23
2022-08-07,Hammer,6,8,0,0,36.65,14,12
2022-08-07,Screwdriver,6,8,0,0,20.67,32,10
2022-08-07,Pliers,6,8,0,0,21.99,12,15
2022-08-07,Saw,6,8,0,0,83.3,8,13
2022-08-07,Drill,6,8,0,0,150.3,23,8
2022-08-08,Hammer,0,8,0,0,28.5,12,20
2022-08-08,Screwdriver,0,8,0,0,21.09,10,12
2022-08-08,Pliers,0,8,0,0,29.11,15,12
2022-08-08,Saw,0,8,0,1,111.8,13,33
2022-08-08,Drill,0,8,0,0,195.91,8,10
2022-08-09,Hammer,1,8,0,0,23.02,20,17
2022-08-09,Screwdriver,1,8,0,0,10.54,12,10
2022-08-09,Pliers,1,8,0,1,21.64,12,26
2022-08-09,Saw,1,8,0,0,114.99,33,9
2022-08-09,Drill,1,8,0,0,130.44,10,24
2022-08-10,Hammer,2,8,0,0,21.97,17,6
2022-08-10,Screwdriver,2,8,0,1,11.78,10,36
2022-08-10,Pliers,2,8,0,0,24.86,26,14
2022-08-10,Saw,2,8,0,0,69.14,9,12
2022-08-10,Drill,2,8,0,0,127.95,24,25
2022-08-11,Hammer,3,8,0,0,32.23,6,7
2022-08-11,Screwdriver,3,8,0,0,21.25,36,28
2022-08-11,Pliers,3,8,0,0,17.1,14,19
2022-08-11,Saw,3,8,0,0,68.97,12,15
2022-08-11,Drill,3,8,0,0,127.48,25,16
2022-08-12,Hammer,4,8,0,0,27.02,7,19
2022-08-12,Screwdriver,4,8,0,0,24.17,28,15
2022-08-12,Pliers,4,8,0,0,23.68,19,21
2022-08-12,Saw,4,8,0,1,119.18,15,23
2022-08-12,Drill,4,8,0,0,89.85,16,24
2022-08-13,Hammer,5,8,0,0,29.18,19,3
2022-08-13,Screwdriver,5,8,0,0,14.25,15,17
2022-08-13,Pliers,5,8,0,0,21.69,21,17
2022-08-13,Saw,5,8,0,0,99.8,23,7
2022-08-13,Drill,5,8,0,0,111.84,24,11
2022-08-14,Hammer,6,8,0,0,35.43,3,1
2022-08-14,Screwdriver,6,8,0,0,11.21,17,11
2022-08-14,Pliers,6,8,0,0,17.86,17,13
2022-08-14,Saw,6,8,0,0,116.85,7,16
2022-08-14,Drill,6,8,0,0,176.6,11,11
2022-08-15,Hammer,0,8,0,1,37.33,1,27
2022-08-15,Screwdriver,0,8,0,1,22.27,11,29
2022-08-15,Pliers,0,8,0,1,19.29,13,36
2022-08-15,Saw,0,8,0,0,77.28,16,19
2022-08-15,Drill,0,8,0,1,128.15,11,23
2022-08-16,Hammer,1,8,0,0,26.97,27,13
2022-08-16,Screwdriver,1,8,0,0,23.28,29,12
2022-08-16,Pliers,1,8,0,0,34.9,36,14
2022-08-16,Saw,1,8,0,0,64.09,19,10
2022-08-16,Drill,1,8,0,0,138.87,23,14
2022-08-17,Hammer,2,8,0,0,21.27,13,15
2022-08-17,Screwdriver,2,8,0,0,17.63,12,21
2022-08-17,Pliers,2,8,0,0,33.45,14,8
2022-08-17,Saw,2,8,0,0,85.42,10,12
2022-08-17,Drill,2,8,0,0,170.34,14,24
2022-08-18,Hammer,3,8,0,0,31.7,15,10
2022-08-18,Screwdriver,3,8,0,0,10.57,21,19
2022-08-18,Pliers,3,8,0,1,16.58,8,33
2022-08-18,Saw,3,8,0,0,111.77,12,6
2022-08-18,Drill,3,8,0,0,134.97,24,28
2022-08-19,Hammer,4,8,0,0,21.88,10,10
2022-08-19,Screwdriver,4,8,0,1,20.37,19,27
2022-08-19,Pliers,4,8,0,0,33.6,33,17
2022-08-19,Saw,4,8,0,0,52.49,6,10
2022-08-19,Drill,4,8,0,0,156.74,28,11
2022-08-20,Hammer,5,8,0,0,36.07,10,16
2022-08-20,Screwdriver,5,8,0,0,18.66,27,14
2022-08-20,Pliers,5,8,0,0,28.64,17,9
2022-08-20,Saw,5,8,0,0,94.7,10,18
2022-08-20,Drill,5,8,0,0,124.83,11,7
2022-08-21,Hammer,6,8,0,0,31.68,16,14
2022-08-21,Screwdriver,6,8,0,0,24.93,14,14
2022-08-21,Pliers,6,8,0,0,32.11,9,7
2022-08-21,Saw,6,8,0,0,97.31,18,12
2022-08-21,Drill,6,8,0,0,164.67,7,7
2022-08-22,Hammer,0,8,0,0,31.41,14,18
2022-08-22,Screwdriver,0,8,0,1,17.44,14,23
2022-08-22,Pliers,0,8,0,0,25.77,7,9
2022-08-22,Saw,0,8,0,0,101.91,12,15
2022-08-22,Drill,0,8,0,1,195.01,7,34
2022-08-23,Hammer,1,8,0,1,35.52,18,20
2022-08-23,Screwdriver,1,8,0,0,16.04,23,18
2022-08-23,Pliers,1,8,0,0,33.79,9,10
2022-08-23,Saw,1,8,0,0,62.81,15,15
2022-08-23,Drill,1,8,0,0,94.01,34,19
2022-08-24,Hammer,2,8,0,0,25.75,20,14
2022-08-24,Screwdriver,2,8,0,0,19.91,18,11
2022-08-24,Pliers,2,8,0,0,15.85,10,20
2022-08-24,Saw,2,8,0,0,103.92,15,12
2022-08-24,Drill,2,8,0,0,182.26,19,19
2022-08-25,Hammer,3,8,0,0,38.33,14,9
2022-08-25,Screwdriver,3,8,0,0,22.49,11,25
2022-08-25,Pliers,3,8,0,0,31.71,20,26
2022-08-25,Saw,3,8,0,0,110.28,12,9
2022-08-25,Drill,3,8,0,0,120.07,19,21
2022-08-26,Hammer,4,8,0,0,25.64,9,18
2022-08-26,Screwdriver,4,8,0,0,22.77,25,13
2022-08-26,Pliers,4,8,0,0,15.74,26,9
2022-08-26,Saw,4,8,0,0,81.16,9,14
2022-08-26,Drill,4,8,0,0,168.94,21,18
2022-08-27,Hammer,5,8,0,0,37.34,18,16
2022-08-27,Screwdriver,5,8,0,0,18.79,13,12
2022-08-27,Pliers,5,8,0,0,33.42,9,2
2022-08-27,Saw,5,8,0,0,110.98,14,17
2022-08-27,Drill,5,8,0,0,81.48,18,15
2022-08-28,Hammer,6,8,0,0,29.78,16,11
2022-08-28,Screwdriver,6,8,0,0,24.52,12,16
2022-08-28,Pliers,6,8,0,0,29.14,2,12
2022-08-28,Saw,6,8,0,1,74.4,17,30
2022-08-28,Drill,6,8,0,0,182.07,15,15
2022-08-29,Hammer,0,8,0,1,32.72,11,31
2022-08-29,Screwdriver,0,8,0,0,17.68,16,9
2022-08-29,Pliers,0,8,0,0,28.97,12,12
2022-08-29,Saw,0,8,0,0,81.96,30,19
2022-08-29,Drill,0,8,0,0,157.4,15,8
2022-08-30,Hammer,1,8,0,0,30.72,31,12
2022-08-30,Screwdriver,1,8,0,0,12.19,9,10
2022-08-30,Pliers,1,8,0,0,34.87,12,20
2022-08-30,Saw,1,8,0,0,70.32,19,14
2022-08-30,Drill,1,8,0,0,187.11,8,12
2022-08-31,Hammer,2,8,0,0,37.86,12,3
2022-08-31,Screwdriver,2,8,0,1,19.67,10,29
2022-08-31,Pliers,2,8,0,0,32.06,20,13
2022-08-31,Saw,2,8,0,0,90.95,14,25
2022-08-31,Drill,2,8,0,0,127.75,12,13
2022-09-01,Hammer,3,9,0,0,21.99,3,4
2022-09-01,Screwdriver,3,9,0,0,12.17,29,20
2022-09-01,Pliers,3,9,0,1,30.35,13,20
2022-09-01,Saw,3,9,0,0,77.1,25,20
2022-09-01,Drill,3,9,0,0,185.9,13,23
2022-09-02,Hammer,4,9,0,1,36.22,4,19
2022-09-02,Screwdriver,4,9,0,0,10.97,20,20
2022-09-02,Pliers,4,9,0,0,21.92,20,19
2022-09-02,Saw,4,9,0,0,61.66,20,17
2022-09-02,Drill,4,9,0,0,103.13,23,21
2022-09-03,Hammer,5,9,0,0,34.61,19,8
2022-09-03,Screwdriver,5,9,0,0,11.47,20,12
2022-09-03,Pliers,5,9,0,1,23.49,19,30
2022-09-03,Saw,5,9,0,0,75.08,17,17
2022-09-03,Drill,5,9,0,0,141.11,21,6
2022-09-04,Hammer,6,9,0,0,34.76,8,3
2022-09-04,Screwdriver,6,9,0,0,23.43,12,9
2022-09-04,Pliers,6,9,0,0,22.24,30,10
2022-09-04,Saw,6,9,0,0,88.87,17,13
2022-09-04,Drill,6,9,0,0,152.6,6,12
2022-09-05,Hammer,0,9,0,0,28.95,3,20
2022-09-05,Screwdriver,0,9,0,0,21.71,9,19
2022-09-05,Pliers,0,9,0,0,18.93,10,10
2022-09-05,Saw,0,9,0,0,119.97,13,7
2022-09-05,Drill,0,9,0,0,92.38,12,15
2022-09-06,Hammer,1,9,0,0,20.95,20,9
2022-09-06,Screwdriver,1,9,0,0,17.84,19,16
2022-09-06,Pliers,1,9,0,1,26.9,10,21
2022-09-06,Saw,1,9,0,0,94.28,7,24
2022-09-06,Drill,1,9,0,0,103.75,15,9
2022-09-07,Hammer,2,9,0,1,36.05,9,32
2022-09-07,Screwdriver,2,9,0,0,20.16,16,25
2022-09-07,Pliers,2,9,0,0,21.81,21,16
2022-09-07,Saw,2,9,0,0,88.58,24,10
2022-09-07,Drill,2,9,0,0,101.47,9,14
2022-09-08,Hammer,3,9,0,0,24.95,32,20
2022-09-08,Screwdriver,3,9,0,1,19.98,25,31
2022-09-08,Pliers,3,9,0,0,21.23,16,13
2022-09-08,Saw,3,9,0,1,115.8,10,34
2022-09-08,Drill,3,9,0,0,164.93,14,25
2022-09-09,Hammer,4,9,0,0,36.26,20,8
2022-09-09,Screwdriver,4,9,0,0,20.9,31,26
2022-09-09,Pliers,4,9,0,0,20.29,13,11
2022-09-09,Saw,4,9,0,0,75.56,34,21
2022-09-09,Drill,4,9,0,0,169.02,25,14
2022-09-10,Hammer,5,9,0,0,38.26,8,13
2022-09-10,Screwdriver,5,9,0,0,22.07,26,18
2022-09-10,Pliers,5,9,0,0,30.86,11,14
2022-09-10,Saw,5,9,0,0,55.52,21,20
2022-09-10,Drill,5,9,0,0,112.8,14,18
2022-09-11,Hammer,6,9,0,0,22.99,13,12
2022-09-11,Screwdriver,6,9,0,0,23.46,18,11
2022-09-11,Pliers,6,9,0,0,28.55,14,13
2022-09-11,Saw,6,9,0,0,106.75,20,14
2022-09-11,Drill,6,9,0,0,97.66,18,16
2022-09-12,Hammer,0,9,0,0,30.24,12,12
2022-09-12,Screwdriver,0,9,0,0,15.52,11,15
2022-09-12,Pliers,0,9,0,0,34.79,13,14
2022-09-12,Saw,0,9,0,0,102.71,14,20
2022-09-12,Drill,0,9,0,0,125.02,16,15
2022-09-13,Hammer,1,9,0,0,21.02,12,0
2022-09-13,Screwdriver,1,9,0,1,10.37,15,31
2022-09-13,Pliers,1,9,0,0,23.84,14,16
2022-09-13,Saw,1,9,0,0,79.43,20,9
2022-09-13,Drill,1,9,0,0,190.66,15,22
2022-09-14,Hammer,2,9,0,0,32.32,0,10
2022-09-14,Screwdriver,2,9,0,1,11.88,31,34
2022-09-14,Pliers,2,9,0,0,32.43,16,12
2022-09-14,Saw,2,9,0,1,62.97,9,32
2022-09-14,Drill,2,9,0,0,108.34,22,15
2022-09-15,Hammer,3,9,0,0,22.02,10,6
2022-09-15,Screwdriver,3,9,0,0,17.63,34,10
2022-09-15,Pliers,3,9,0,0,30.13,12,12
2022-09-15,Saw,3,9,0,0,101.94,32,23
2022-09-15,Drill,3,9,0,1,121.97,15,29
2022-09-16,Hammer,4,9,0,0,26.0,6,7
2022-09-16,Screwdriver,4,9,0,0,23.75,10,8
2022-09-16,Pliers,4,9,0,0,33.74,12,18
2022-09-16,Saw,4,9,0,0,55.82,23,11
2022-09-16,Drill,4,9,0,1,180.35,29,31
2022-09-17,Hammer,5,9,0,0,29.11,7,18
2022-09-17,Screwdriver,5,9,0,0,20.25,8,8
2022-09-17,Pliers,5,9,0,0,31.38,18,18
2022-09-17,Saw,5,9,0,0,53.27,11,11
2022-09-17,Drill,5,9,0,0,158.79,31,18
2022-09-18,Hammer,6,9,0,0,39.37,18,9
2022-09-18,Screwdriver,6,9,0,0,15.28,8,11
2022-09-18,Pliers,6,9,0,0,29.52,18,9
2022-09-18,Saw,6,9,0,0,57.12,11,14
2022-09-18,Drill,6,9,0,0,110.61,18,12
2022-09-19,Hammer,0,9,0,0,25.13,9,6
2022-09-19,Screwdriver,0,9,0,0,24.03,11,6
2022-09-19,Pliers,0,9,0,0,30.36,9,17
2022-09-19,Saw,0,9,0,1,114.34,14,29
2022-09-19,Drill,0,9,0,0,135.17,12,24
2022-09-20,Hammer,1,9,0,0,30.1,6,13
2022-09-20,Screwdriver,1,9,0,1,24.35,6,32
2022-09-20,Pliers,1,9,0,0,24.35,17,15
2022-09-20,Saw,1,9,0,0,118.4,29,12
2022-09-20,Drill,1,9,0,0,98.17,24,10
2022-09-21,Hammer,2,9,0,0,22.62,13,18
2022-09-21,Screwdriver,2,9,0,0,24.48,32,20
2022-09-21,Pliers,2,9,0,0,30.96,15,11
2022-09-21,Saw,2,9,0,0,50.01,12,9
2022-09-21,Drill,2,9,0,0,84.24,10,21
2022-09-22,Hammer,3,9,0,1,39.86,18,32
2022-09-22,Screwdriver,3,9,0,0,16.29,20,21
2022-09-22,Pliers,3,9,0,0,18.35,11,20
2022-09-22,Saw,3,9,0,0,94.85,9,7
2022-09-22,Drill,3,9,0,0,172.36,21,22
2022-09-23,Hammer,4,9,0,0,39.32,32,22
2022-09-23,Screwdriver,4,9,0,0,11.71,21,22
2022-09-23,Pliers,4,9,0,0,22.67,20,17
2022-09-23,Saw,4,9,0,0,95.69,7,21
2022-09-23,Drill,4,9,0,0,108.1,22,12
2022-09-24,Hammer,5,9,0,0,36.74,22,3
2022-09-24,Screwdriver,5,9,0,0,18.75,22,19
2022-09-24,Pliers,5,9,0,0,23.02,17,12
2022-09-24,Saw,5,9,0,0,51.16,21,18
2022-09-24,Drill,5,9,0,1,177.88,12,26
2022-09-25,Hammer,6,9,0,1,23.97,3,31
2022-09-25,Screwdriver,6,9,0,0,12.68,19,19
2022-09-25,Pliers,6,9,0,0,28.44,12,7
2022-09-25,Saw,6,9,0,0,95.86,18,11
2022-09-25,Drill,6,9,0,0,116.57,26,22
2022-09-26,Hammer,0,9,0,0,27.93,31,11
2022-09-26,Screwdriver,0,9,0,0,18.53,19,11
2022-09-26,Pliers,0,9,0,0,19.52,7,10
2022-09-26,Saw,0,9,0,0,75.45,11,15
2022-09-26,Drill,0,9,0,0,193.86,22,15
2022-09-27,Hammer,1,9,0,0,30.34,11,3
2022-09-27,Screwdriver,1,9,0,0,18.15,11,9
2022-09-27,Pliers,1,9,0,0,15.51,10,20
2022-09-27,Saw,1,9,0,0,95.94,15,17
2022-09-27,Drill,1,9,0,1,90.66,15,24
2022-09-28,Hammer,2,9,0,1,36.54,3,29
2022-09-28,Screwdriver,2,9,0,0,17.77,9,22
2022-09-28,Pliers,2,9,0,0,33.13,20,25
2022-09-28,Saw,2,9,0,0,73.33,17,11
2022-09-28,Drill,2,9,0,0,92.43,24,17
2022-09-29,Hammer,3,9,0,0,37.77,29,7
2022-09-29,Screwdriver,3,9,0,0,20.6,22,14
2022-09-29,Pliers,3,9,0,1,32.3,25,29
2022-09-29,Saw,3,9,0,1,75.88,11,28
2022-09-29,Drill,3,9,0,0,108.7,17,30
2022-09-30,Hammer,4,9,0,1,31.69,7,26
2022-09-30,Screwdriver,4,9,0,0,12.65,14,15
2022-09-30,Pliers,4,9,0,0,19.89,29,11
2022-09-30,Saw,4,9,0,0,64.42,28,8
2022-09-30,Drill,4,9,0,0,167.37,30,3
2022-10-01,Hammer,5,10,0,0,27.88,26,9
2022-10-01,Screwdriver,5,10,0,0,16.48,15,15
2022-10-01,Pliers,5,10,0,1,19.76,11,33
2022-10-01,Saw,5,10,0,1,93.33,8,31
2022-10-01,Drill,5,10,0,1,91.63,3,37
2022-10-02,Hammer,6,10,0,0,35.36,9,6
2022-10-02,Screwdriver,6,10,0,0,12.55,15,12
2022-10-02,Pliers,6,10,0,1,19.85,33,24
2022-10-02,Saw,6,10,0,0,92.25,31,7
2022-10-02,Drill,6,10,0,0,133.34,37,15
2022-10-03,Hammer,0,10,0,0,27.78,6,18
2022-10-03,Screwdriver,0,10,0,0,15.68,12,13
2022-10-03,Pliers,0,10,0,0,32.44,24,25
2022-10-03,Saw,0,10,0,0,87.95,7,15
2022-10-03,Drill,0,10,0,0,118.66,15,14
2022-10-04,Hammer,1,10,0,0,20.53,18,20
2022-10-04,Screwdriver,1,10,0,0,24.57,13,13
2022-10-04,Pliers,1,10,0,0,20.99,25,16
2022-10-04,Saw,1,10,0,0,101.4,15,15
2022-10-04,Drill,1,10,0,0,93.92,14,12
2022-10-05,Hammer,2,10,0,0,35.38,20,2
2022-10-05,Screwdriver,2,10,0,1,18.82,13,29
2022-10-05,Pliers,2,10,0,1,15.75,16,35
2022-10-05,Saw,2,10,0,0,77.9,15,7
2022-10-05,Drill,2,10,0,1,82.85,12,28
2022-10-06,Hammer,3,10,0,0,28.06,2,5
2022-10-06,Screwdriver,3,10,0,0,15.95,29,18
2022-10-06,Pliers,3,10,0,0,25.45,35,12
2022-10-06,Saw,3,10,0,1,97.08,7,36
2022-10-06,Drill,3,10,0,0,117.68,28,19
2022-10-07,Hammer,4,10,0,0,27.17,5,12
2022-10-07,Screwdriver,4,10,0,0,11.92,18,10
2022-10-07,Pliers,4,10,0,0,25.13,12,8
2022-10-07,Saw,4,10,0,0,102.73,36,12
2022-10-07,Drill,4,10,0,0,109.59,19,7
2022-10-08,Hammer,5,10,0,1,34.04,12,17
2022-10-08,Screwdriver,5,10,0,0,10.36,10,18
2022-10-08,Pliers,5,10,0,0,33.48,8,14
2022-10-08,Saw,5,10,0,0,86.82,12,8
2022-10-08,Drill,5,10,0,0,128.39,7,11
2022-10-09,Hammer,6,10,0,0,31.65,17,16
2022-10-09,Screwdriver,6,10,0,0,13.36,18,16
2022-10-09,Pliers,6,10,0,0,16.01,14,9
2022-10-09,Saw,6,10,0,0,69.7,8,15
2022-10-09,Drill,6,10,0,0,129.89,11,11
2022-10-10,Hammer,0,10,0,1,24.12,16,32
2022-10-10,Screwdriver,0,10,0,0,10.21,16,13
2022-10-10,Pliers,0,10,0,0,24.54,9,20
2022-10-10,Saw,0,10,0,0,77.57,15,12
2022-10-10,Drill,0,10,0,0,95.42,11,11
2022-10-11,Hammer,1,10,0,0,22.46,32,8
2022-10-11,Screwdriver,1,10,0,0,22.77,13,21
2022-10-11,Pliers,1,10,0,0,18.04,20,13
2022-10-11,Saw,1,10,0,0,57.36,12,10
2022-10-11,Drill,1,10,0,0,92.39,11,18
2022-10-12,Hammer,2,10,0,0,24.65,8,13
2022-10-12,Screwdriver,2,10,0,0,21.14,21,11
2022-10-12,Pliers,2,10,0,0,17.39,13,18
2022-10-12,Saw,2,10,0,0,113.99,10,22
2022-10-12,Drill,2,10,0,0,196.29,18,16
2022-10-13,Hammer,3,10,0,0,37.51,13,12
2022-10-13,Screwdriver,3,10,0,0,11.48,11,16
2022-10-13,Pliers,3,10,0,1,23.27,18,36
2022-10-13,Saw,3,10,0,0,59.03,22,15
2022-10-13,Drill,3,10,0,0,171.55,16,15
2022-10-14,Hammer,4,10,0,0,20.54,12,10
2022-10-14,Screwdriver,4,10,0,0,22.84,16,11
2022-10-14,Pliers,4,10,0,0,24.93,36,8
2022-10-14,Saw,4,10,0,0,102.31,15,13
2022-10-14,Drill,4,10,0,0,161.27,15,19
2022-10-15,Hammer,5,10,0,0,39.62,10,19
2022-10-15,Screwdriver,5,10,0,0,12.83,11,16
2022-10-15,Pliers,5,10,0,1,28.63,8,29
2022-10-15,Saw,5,10,0,1,107.42,13,33
2022-10-15,Drill,5,10,0,0,108.65,19,18
2022-10-16,Hammer,6,10,0,0,20.81,19,5
2022-10-16,Screwdriver,6,10,0,0,22.15,16,6
2022-10-16,Pliers,6,10,0,0,18.26,29,10
2022-10-16,Saw,6,10,0,1,104.25,33,23
2022-10-16,Drill,6,10,0,0,80.0,18,14
2022-10-17,Hammer,0,10,0,1,34.22,5,29
2022-10-17,Screwdriver,0,10,0,1,11.4,6,20
2022-10-17,Pliers,0,10,0,0,20.7,10,12
2022-10-17,Saw,0,10,0,0,69.32,23,17
2022-10-17,Drill,0,10,0,0,165.49,14,8
2022-10-18,Hammer,1,10,0,0,30.35,29,9
2022-10-18,Screwdriver,1,10,0,0,19.85,20,18
2022-10-18,Pliers,1,10,0,0,31.44,12,11
2022-10-18,Saw,1,10,0,1,84.73,17,26
2022-10-18,Drill,1,10,0,0,141.59,8,9
2022-10-19,Hammer,2,10,0,0,37.36,9,7
2022-10-19,Screwdriver,2,10,0,0,11.69,18,9
2022-10-19,Pliers,2,10,0,0,22.71,11,12
2022-10-19,Saw,2,10,0,0,83.91,26,15
2022-10-19,Drill,2,10,0,0,142.27,9,18
2022-10-20,Hammer,3,10,0,0,34.59,7,18
2022-10-20,Screwdriver,3,10,0,0,20.73,9,7
2022-10-20,Pliers,3,10,0,0,18.44,12,14
2022-10-20,Saw,3,10,0,0,103.38,15,14
2022-10-20,Drill,3,10,0,0,142.0,18,14
2022-10-21,Hammer,4,10,0,1,23.6,18,27
2022-10-21,Screwdriver,4,10,0,0,12.06,7,1
2022-10-21,Pliers,4,10,0,0,19.85,14,15
2022-10-21,Saw,4,10,0,0,83.23,14,14
2022-10-21,Drill,4,10,0,0,138.3,14,17
2022-10-22,Hammer,5,10,0,1,31.85,27,21
2022-10-22,Screwdriver,5,10,0,0,16.97,1,21
2022-10-22,Pliers,5,10,0,0,18.23,15,13
2022-10-22,Saw,5,10,0,0,58.26,14,14
2022-10-22,Drill,5,10,0,1,171.1,17,26
2022-10-23,Hammer,6,10,0,0,20.57,21,1
2022-10-23,Screwdriver,6,10,0,0,18.21,21,12
2022-10-23,Pliers,6,10,0,0,18.05,13,12
2022-10-23,Saw,6,10,0,0,85.13,14,11
2022-10-23,Drill,6,10,0,0,183.03,26,10
2022-10-24,Hammer,0,10,0,0,23.07,1,14
2022-10-24,Screwdriver,0,10,0,0,24.75,12,6
2022-10-24,Pliers,0,10,0,0,28.47,12,15
2022-10-24,Saw,0,10,0,0,105.16,11,16
2022-10-24,Drill,0,10,0,1,126.04,10,29
2022-10-25,Hammer,1,10,0,0,38.26,14,8
2022-10-25,Screwdriver,1,10,0,0,14.82,6,10
2022-10-25,Pliers,1,10,0,0,19.9,15,21
2022-10-25,Saw,1,10,0,0,63.83,16,12
2022-10-25,Drill,1,10,0,0,150.38,29,19
2022-10-26,Hammer,2,10,0,0,35.54,8,11
2022-10-26,Screwdriver,2,10,0,0,12.39,10,13
2022-10-26,Pliers,2,10,0,0,30.92,21,16
2022-10-26,Saw,2,10,0,0,70.77,12,12
2022-10-26,Drill,2,10,0,1,161.5,19,28
2022-10-27,Hammer,3,10,0,1,35.74,11,35
2022-10-27,Screwdriver,3,10,0,1,22.24,13,32
2022-10-27,Pliers,3,10,0,0,20.63,16,25
2022-10-27,Saw,3,10,0,1,67.69,12,44
2022-10-27,Drill,3,10,0,0,116.66,28,16
2022-10-28,Hammer,4,10,0,0,25.85,35,16
2022-10-28,Screwdriver,4,10,0,0,14.26,32,17
2022-10-28,Pliers,4,10,0,0,15.87,25,22
2022-10-28,Saw,4,10,0,0,66.93,44,13
2022-10-28,Drill,4,10,0,0,181.27,16,21
2022-10-29,Hammer,5,10,0,0,33.69,16,6
2022-10-29,Screwdriver,5,10,0,1,14.32,17,33
2022-10-29,Pliers,5,10,0,0,15.17,22,12
2022-10-29,Saw,5,10,0,0,95.51,13,3
2022-10-29,Drill,5,10,0,0,184.25,21,14
2022-10-30,Hammer,6,10,0,0,35.09,6,13
2022-10-30,Screwdriver,6,10,0,0,16.69,33,9
2022-10-30,Pliers,6,10,0,0,20.0,12,14
2022-10-30,Saw,6,10,0,1,105.26,3,31
2022-10-30,Drill,6,10,0,1,187.83,14,29
2022-10-31,Hammer,0,10,0,0,37.36,13,11
2022-10-31,Screwdriver,0,10,0,0,20.14,9,14
2022-10-31,Pliers,0,10,0,0,34.57,14,7
2022-10-31,Saw,0,10,0,0,50.21,31,11
2022-10-31,Drill,0,10,0,0,81.12,29,8
2022-11-01,Hammer,1,11,0,0,35.74,11,4
2022-11-01,Screwdriver,1,11,0,0,15.85,14,15
2022-11-01,Pliers,1,11,0,0,33.71,7,12
2022-11-01,Saw,1,11,0,0,74.78,11,10
2022-11-01,Drill,1,11,0,0,193.69,8,6
2022-11-02,Hammer,2,11,0,0,29.12,4,1
2022-11-02,Screwdriver,2,11,0,0,23.18,15,18
2022-11-02,Pliers,2,11,0,0,29.8,12,13
2022-11-02,Saw,2,11,0,0,118.15,10,12
2022-11-02,Drill,2,11,0,1,163.8,6,33
2022-11-03,Hammer,3,11,0,0,28.62,1,7
2022-11-03,Screwdriver,3,11,0,0,14.1,18,3
2022-11-03,Pliers,3,11,0,0,24.44,13,11
2022-11-03,Saw,3,11,0,1,98.16,12,34
2022-11-03,Drill,3,11,0,0,111.71,33,8
2022-11-04,Hammer,4,11,0,0,32.41,7,13
2022-11-04,Screwdriver,4,11,0,0,12.34,3,4
2022-11-04,Pliers,4,11,0,0,22.13,11,15
2022-11-04,Saw,4,11,0,1,102.41,34,30
2022-11-04,Drill,4,11,0,0,111.75,8,12
2022-11-05,Hammer,5,11,0,0,21.03,13,7
2022-11-05,Screwdriver,5,11,0,0,20.08,4,13
2022-11-05,Pliers,5,11,0,0,34.27,15,12
2022-11-05,Saw,5,11,0,1,95.71,30,28
2022-11-05,Drill,5,11,0,0,91.3,12,15
2022-11-06,Hammer,6,11,0,1,33.25,7,18
2022-11-06,Screwdriver,6,11,0,0,17.26,13,0
2022-11-06,Pliers,6,11,0,0,18.13,12,3
2022-11-06,Saw,6,11,0,1,95.15,28,32
2022-11-06,Drill,6,11,0,0,191.81,15,15
2022-11-07,Hammer,0,11,0,0,34.95,18,12
2022-11-07,Screwdriver,0,11,0,0,12.82,0,5
2022-11-07,Pliers,0,11,0,0,22.64,3,10
2022-11-07,Saw,0,11,0,0,98.46,32,21
2022-11-07,Drill,0,11,0,0,110.58,15,17
2022-11-08,Hammer,1,11,0,1,30.3,12,21
2022-11-08,Screwdriver,1,11,0,1,22.72,5,27
2022-11-08,Pliers,1,11,0,0,19.89,10,7
2022-11-08,Saw,1,11,0,0,63.31,21,14
2022-11-08,Drill,1,11,0,0,183.95,17,12
2022-11-09,Hammer,2,11,0,0,22.19,21,8
2022-11-09,Screwdriver,2,11,0,0,24.43,27,11
2022-11-09,Pliers,2,11,0,0,22.29,7,13
2022-11-09,Saw,2,11,0,0,68.62,14,11
2022-11-09,Drill,2,11,0,0,116.99,12,12
2022-11-10,Hammer,3,11,0,0,38.2,8,7
2022-11-10,Screwdriver,3,11,0,0,24.32,11,17
2022-11-10,Pliers,3,11,0,0,24.87,13,10
2022-11-10,Saw,3,11,0,0,77.15,11,14
2022-11-10,Drill,3,11,0,0,93.16,12,12
2022-11-11,Hammer,4,11,0,0,36.25,7,10
2022-11-11,Screwdriver,4,11,0,0,15.58,17,14
2022-11-11,Pliers,4,11,0,0,33.91,10,13
2022-11-11,Saw,4,11,0,0,107.01,14,15
2022-11-11,Drill,4,11,0,0,110.03,12,9
2022-11-12,Hammer,5,11,0,0,27.55,10,14
2022-11-12,Screwdriver,5,11,0,0,17.31,14,16
2022-11-12,Pliers,5,11,0,0,33.15,13,14
2022-11-12,Saw,5,11,0,0,107.67,15,16
2022-11-12,Drill,5,11,0,0,125.27,9,18
2022-11-13,Hammer,6,11,0,0,26.52,14,3
2022-11-13,Screwdriver,6,11,0,0,13.63,16,1
2022-11-13,Pliers,6,11,0,0,23.79,14,9
2022-11-13,Saw,6,11,0,0,88.0,16,6
2022-11-13,Drill,6,11,0,1,123.91,18,40
2022-11-14,Hammer,0,11,0,0,29.72,3,16
2022-11-14,Screwdriver,0,11,0,0,20.57,1,18
2022-11-14,Pliers,0,11,0,0,27.76,9,14
2022-11-14,Saw,0,11,0,1,61.83,6,24
2022-11-14,Drill,0,11,0,0,185.27,40,14
2022-11-15,Hammer,1,11,0,1,26.48,16,22
2022-11-15,Screwdriver,1,11,0,1,14.2,18,25
2022-11-15,Pliers,1,11,0,0,29.67,14,12
2022-11-15,Saw,1,11,0,0,114.97,24,13
2022-11-15,Drill,1,11,0,0,101.72,14,20
2022-11-16,Hammer,2,11,0,0,35.12,22,7
2022-11-16,Screwdriver,2,11,0,0,16.88,25,13
2022-11-16,Pliers,2,11,0,0,23.62,12,12
2022-11-16,Saw,2,11,0,0,115.7,13,14
2022-11-16,Drill,2,11,0,1,140.84,20,31
2022-11-17,Hammer,3,11,0,0,35.11,7,12
2022-11-17,Screwdriver,3,11,0,0,11.36,13,9
2022-11-17,Pliers,3,11,0,0,33.66,12,10
2022-11-17,Saw,3,11,0,0,84.8,14,17
2022-11-17,Drill,3,11,0,0,140.66,31,4
2022-11-18,Hammer,4,11,0,0,39.37,12,2
2022-11-18,Screwdriver,4,11,0,0,20.55,9,10
2022-11-18,Pliers,4,11,0,0,26.6,10,24
2022-11-18,Saw,4,11,0,0,84.71,17,17
2022-11-18,Drill,4,11,0,1,170.94,4,29
2022-11-19,Hammer,5,11,0,0,20.61,2,8
2022-11-19,Screwdriver,5,11,0,0,20.0,10,15
2022-11-19,Pliers,5,11,0,0,25.46,24,20
2022-11-19,Saw,5,11,0,0,65.26,17,11
2022-11-19,Drill,5,11,0,0,95.76,29,23
2022-11-20,Hammer,6,11,0,0,38.35,8,4
2022-11-20,Screwdriver,6,11,0,0,20.86,15,9
2022-11-20,Pliers,6,11,0,0,23.02,20,11
2022-11-20,Saw,6,11,0,0,65.05,11,14
2022-11-20,Drill,6,11,0,0,134.72,23,10
2022-11-21,Hammer,0,11,0,0,20.48,4,17
2022-11-21,Screwdriver,0,11,0,0,17.78,9,11
2022-11-21,Pliers,0,11,0,0,20.73,11,4
2022-11-21,Saw,0,11,0,0,61.43,14,5
2022-11-21,Drill,0,11,0,0,109.15,10,7
2022-11-22,Hammer,1,11,0,0,21.34,17,15
2022-11-22,Screwdriver,1,11,0,0,15.6,11,17
2022-11-22,Pliers,1,11,0,0,22.23,4,13
2022-11-22,Saw,1,11,0,0,52.49,5,8
2022-11-22,Drill,1,11,0,0,198.73,7,16
2022-11-23,Hammer,2,11,0,1,23.59,15,19
2022-11-23,Screwdriver,2,11,0,1,22.96,17,22
2022-11-23,Pliers,2,11,0,0,27.51,13,11
2022-11-23,Saw,2,11,0,0,84.38,8,20
2022-11-23,Drill,2,11,0,0,192.68,16,13
2022-11-24,Hammer,3,11,0,0,36.07,19,16
2022-11-24,Screwdriver,3,11,0,1,14.95,22,36
2022-11-24,Pliers,3,11,0,0,16.73,11,15
2022-11-24,Saw,3,11,0,0,81.83,20,23
2022-11-24,Drill,3,11,0,1,134.78,13,25
2022-11-25,Hammer,4,11,0,0,24.28,16,18
2022-11-25,Screwdriver,4,11,0,0,23.61,36,16
2022-11-25,Pliers,4,11,0,0,27.88,15,14
2022-11-25,Saw,4,11,0,0,90.07,23,5
2022-11-25,Drill,4,11,0,1,119.54,25,29
2022-11-26,Hammer,5,11,0,0,27.75,18,6
2022-11-26,Screwdriver,5,11,0,0,19.57,16,8
2022-11-26,Pliers,5,11,0,0,29.11,14,14
2022-11-26,Saw,5,11,0,0,52.11,5,6
2022-11-26,Drill,5,11,0,0,123.2,29,14
2022-11-27,Hammer,6,11,0,0,37.81,6,13
2022-11-27,Screwdriver,6,11,0,0,11.52,8,11
2022-11-27,Pliers,6,11,0,0,19.63,14,7
2022-11-27,Saw,6,11,0,1,63.32,6,23
2022-11-27,Drill,6,11,0,0,195.0,14,21
2022-11-28,Hammer,0,11,0,0,36.7,13,2
2022-11-28,Screwdriver,0,11,0,0,22.88,11,6
2022-11-28,Pliers,0,11,0,0,34.55,7,13
2022-11-28,Saw,0,11,0,1,119.61,23,30
2022-11-28,Drill,0,11,0,0,181.36,21,13
2022-11-29,Hammer,1,11,0,0,34.48,2,12
2022-11-29,Screwdriver,1,11,0,0,14.96,6,10
2022-11-29,Pliers,1,11,0,0,34.44,13,6
2022-11-29,Saw,1,11,0,0,109.52,30,8
2022-11-29,Drill,1,11,0,0,153.44,13,25
2022-11-30,Hammer,2,11,0,0,38.12,12,12
2022-11-30,Screwdriver,2,11,0,0,23.19,10,18
2022-11-30,Pliers,2,11,0,0,20.98,6,11
2022-11-30,Saw,2,11,0,0,70.44,8,20
2022-11-30,Drill,2,11,0,0,83.67,25,23
2022-12-01,Hammer,3,12,0,0,27.45,12,13
2022-12-01,Screwdriver,3,12,0,0,18.67,18,9
2022-12-01,Pliers,3,12,0,0,25.64,11,17
2022-12-01,Saw,3,12,0,0,119.78,20,20
2022-12-01,Drill,3,12,0,1,123.37,23,32
2022-12-02,Hammer,4,12,0,0,21.99,13,8
2022-12-02,Screwdriver,4,12,0,0,13.92,9,18
2022-12-02,Pliers,4,12,0,0,33.04,17,16
2022-12-02,Saw,4,12,0,0,50.93,20,15
2022-12-02,Drill,4,12,0,0,109.46,32,15
2022-12-03,Hammer,5,12,0,0,22.5,8,10
2022-12-03,Screwdriver,5,12,0,0,21.84,18,17
2022-12-03,Pliers,5,12,0,0,16.35,16,13
2022-12-03,Saw,5,12,0,0,101.61,15,4
2022-12-03,Drill,5,12,0,0,104.17,15,16
2022-12-04,Hammer,6,12,0,0,30.54,10,6
2022-12-04,Screwdriver,6,12,0,0,20.9,17,8
2022-12-04,Pliers,6,12,0,1,19.25,13,28
2022-12-04,Saw,6,12,0,0,75.23,4,9
2022-12-04,Drill,6,12,0,0,179.03,16,24
2022-12-05,Hammer,0,12,0,0,24.47,6,6
2022-12-05,Screwdriver,0,12,0,0,20.2,8,12
2022-12-05,Pliers,0,12,0,0,32.96,28,14
2022-12-05,Saw,0,12,0,0,58.89,9,17
2022-12-05,Drill,0,12,0,0,161.77,24,19
2022-12-06,Hammer,1,12,0,0,34.57,6,12
2022-12-06,Screwdriver,1,12,0,0,23.17,12,8
2022-12-06,Pliers,1,12,0,0,27.68,14,19
2022-12-06,Saw,1,12,0,0,58.66,17,5
2022-12-06,Drill,1,12,0,0,155.82,19,15
2022-12-07,Hammer,2,12,0,0,27.87,12,14
2022-12-07,Screwdriver,2,12,0,0,20.93,8,10
2022-12-07,Pliers,2,12,0,1,33.81,19,36
2022-12-07,Saw,2,12,0,0,91.49,5,11
2022-12-07,Drill,2,12,0,0,91.57,15,17
2022-12-08,Hammer,3,12,0,0,23.76,14,9
2022-12-08,Screwdriver,3,12,0,0,10.4,10,16
2022-12-08,Pliers,3,12,0,0,23.18,36,19
2022-12-08,Saw,3,12,0,1,50.06,11,31
2022-12-08,Drill,3,12,0,0,98.07,17,17
2022-12-09,Hammer,4,12,0,0,26.07,9,14
2022-12-09,Screwdriver,4,12,0,0,23.04,16,12
2022-12-09,Pliers,4,12,0,0,32.03,19,23
2022-12-09,Saw,4,12,0,0,111.22,31,10
2022-12-09,Drill,4,12,0,0,143.13,17,18
2022-12-10,Hammer,5,12,0,0,28.92,14,13
2022-12-10,Screwdriver,5,12,0,0,19.01,12,18
2022-12-10,Pliers,5,12,0,0,20.92,23,15
2022-12-10,Saw,5,12,0,1,77.5,10,28
2022-12-10,Drill,5,12,0,1,115.91,18,24
2022-12-11,Hammer,6,12,0,0,20.45,13,4
2022-12-11,Screwdriver,6,12,0,1,13.3,18,29
2022-12-11,Pliers,6,12,0,0,33.68,15,8
2022-12-11,Saw,6,12,0,0,118.62,28,17
2022-12-11,Drill,6,12,0,0,125.97,24,12
2022-12-12,Hammer,0,12,0,1,33.24,4,26
2022-12-12,Screwdriver,0,12,0,0,24.42,29,11
2022-12-12,Pliers,0,12,0,0,25.86,8,11
2022-12-12,Saw,0,12,0,0,117.49,17,14
2022-12-12,Drill,0,12,0,0,108.99,12,12
2022-12-13,Hammer,1,12,0,0,21.91,26,1
2022-12-13,Screwdriver,1,12,0,0,17.97,11,18
2022-12-13,Pliers,1,12,0,0,28.78,11,10
2022-12-13,Saw,1,12,0,0,72.32,14,9
2022-12-13,Drill,1,12,0,0,110.48,12,10
2022-12-14,Hammer,2,12,0,0,24.11,1,8
2022-12-14,Screwdriver,2,12,0,0,23.58,18,15
2022-12-14,Pliers,2,12,0,0,25.36,10,4
2022-12-14,Saw,2,12,0,1,87.22,9,32
2022-12-14,Drill,2,12,0,0,175.11,10,15
2022-12-15,Hammer,3,12,0,0,26.79,8,14
2022-12-15,Screwdriver,3,12,0,0,22.06,15,12
2022-12-15,Pliers,3,12,0,1,27.77,4,28
2022-12-15,Saw,3,12,0,0,103.15,32,9
2022-12-15,Drill,3,12,0,0,138.93,15,22
2022-12-16,Hammer,4,12,0,0,29.61,14,10
2022-12-16,Screwdriver,4,12,0,1,23.33,12,19
2022-12-16,Pliers,4,12,0,0,30.77,28,16
2022-12-16,Saw,4,12,0,0,73.24,9,11
2022-12-16,Drill,4,12,0,0,198.14,22,17
2022-12-17,Hammer,5,12,0,0,25.19,10,6
2022-12-17,Screwdriver,5,12,0,0,22.33,19,9
2022-12-17,Pliers,5,12,0,0,15.51,16,9
2022-12-17,Saw,5,12,0,1,103.0,11,26
2022-12-17,Drill,5,12,0,0,114.68,17,19
2022-12-18,Hammer,6,12,0,0,39.65,6,17
2022-12-18,Screwdriver,6,12,0,1,20.01,9,24
2022-12-18,Pliers,6,12,0,0,24.78,9,0
2022-12-18,Saw,6,12,0,0,80.2,26,15
2022-12-18,Drill,6,12,0,0,166.3,19,4
2022-12-19,Hammer,0,12,0,0,27.84,17,11
2022-12-19,Screwdriver,0,12,0,0,21.94,24,1
2022-12-19,Pliers,0,12,0,0,19.07,0,15
2022-12-19,Saw,0,12,0,1,70.63,15,19
2022-12-19,Drill,0,12,0,0,99.47,4,18
2022-12-20,Hammer,1,12,0,0,23.93,11,18
2022-12-20,Screwdriver,1,12,0,0,10.74,1,15
2022-12-20,Pliers,1,12,0,0,22.85,15,16
2022-12-20,Saw,1,12,0,0,114.65,19,12
2022-12-20,Drill,1,12,0,1,89.24,18,20
2022-12-21,Hammer,2,12,0,0,39.67,18,15
2022-12-21,Screwdriver,2,12,0,0,19.92,15,14
2022-12-21,Pliers,2,12,0,0,16.75,16,20
2022-12-21,Saw,2,12,0,0,66.87,12,10
2022-12-21,Drill,2,12,0,0,166.53,20,17
2022-12-22,Hammer,3,12,0,0,35.87,15,8
2022-12-22,Screwdriver,3,12,0,0,17.27,14,14
2022-12-22,Pliers,3,12,0,0,29.51,20,10
2022-12-22,Saw,3,12,0,0,58.29,10,14
2022-12-22,Drill,3,12,0,0,115.22,17,14
2022-12-23,Hammer,4,12,0,1,23.93,8,31
2022-12-23,Screwdriver,4,12,0,0,10.47,14,8
2022-12-23,Pliers,4,12,0,0,28.44,10,7
2022-12-23,Saw,4,12,0,0,113.43,14,2
2022-12-23,Drill,4,12,0,0,93.97,14,17
2022-12-24,Hammer,5,12,0,0,38.81,31,4
2022-12-24,Screwdriver,5,12,0,0,14.88,8,8
2022-12-24,Pliers,5,12,0,0,15.78,7,7
2022-12-24,Saw,5,12,0,0,112.4,2,8
2022-12-24,Drill,5,12,0,0,104.59,17,12
2022-12-25,Hammer,6,12,0,0,27.39,4,9
2022-12-25,Screwdriver,6,12,0,0,14.58,8,14
2022-12-25,Pliers,6,12,0,0,21.47,7,3
2022-12-25,Saw,6,12,0,0,65.11,8,10
2022-12-25,Drill,6,12,0,0,85.2,12,6
2022-12-26,Hammer,0,12,0,0,24.43,9,0
2022-12-26,Screwdriver,0,12,0,0,10.36,14,9
2022-12-26,Pliers,0,12,0,0,33.69,3,19
2022-12-26,Saw,0,12,0,1,63.92,10,24
2022-12-26,Drill,0,12,0,0,171.11,6,9
2022-12-27,Hammer,1,12,0,0,35.54,0,10
2022-12-27,Screwdriver,1,12,0,0,24.55,9,12
2022-12-27,Pliers,1,12,0,1,25.74,19,34
2022-12-27,Saw,1,12,0,0,71.87,24,10
2022-12-27,Drill,1,12,0,0,129.94,9,9
2022-12-28,Hammer,2,12,0,0,21.01,10,10
2022-12-28,Screwdriver,2,12,0,1,11.56,12,28
2022-12-28,Pliers,2,12,0,0,33.8,34,12
2022-12-28,Saw,2,12,0,0,89.2,10,14
2022-12-28,Drill,2,12,0,0,182.73,9,8
2022-12-29,Hammer,3,12,0,0,29.44,10,13
2022-12-29,Screwdriver,3,12,0,0,20.95,28,9
2022-12-29,Pliers,3,12,0,0,31.67,12,14
2022-12-29,Saw,3,12,0,0,113.05,14,16
2022-12-29,Drill,3,12,0,0,123.09,8,26
2022-12-30,Hammer,4,12,0,0,26.9,13,19
2022-12-30,Screwdriver,4,12,0,1,14.12,9,26
2022-12-30,Pliers,4,12,0,0,26.17,14,14
2022-12-30,Saw,4,12,0,0,80.8,16,13
2022-12-30,Drill,4,12,0,0,189.19,26,23
2022-12-31,Hammer,5,12,0,0,25.21,19,12
2022-12-31,Screwdriver,5,12,0,0,20.8,26,6
2022-12-31,Pliers,5,12,0,0,31.58,14,11
2022-12-31,Saw,5,12,0,0,106.83,13,18
2022-12-31,Drill,5,12,0,0,138.8,23,16
